This is pdfTeX, Version 3.141592653-2.6-1.40.25 (TeX Live 2023/Debian) (preloaded format=pdflatex 2026.9.5)  5 SEP 2026 21:13
entering extended mode
 restricted \write18 enabled.
 %&-line parsing enabled.
**refman
(./refman.tex
LaTeX2e <2023-11-01> patch level 1
L3 programming layer <2024-01-22>
(/usr/share/texlive/texmf-dist/tex/latex/base/article.cls
Document Class: article 2023/05/17 v1.4n Standard LaTeX document class
(/usr/share/texlive/texmf-dist/tex/latex/base/size12.clo
File: size12.clo 2023/05/17 v1.4n Standard LaTeX file (size option)
)
\c@part=\count187
\c@section=\count188
\c@subsection=\count189
\c@subsubsection=\count190
\c@paragraph=\count191
\c@subparagraph=\count192
\c@figure=\count193
\c@table=\count194
\abovecaptionskip=\skip48
\belowcaptionskip=\skip49
\bibindent=\dimen140
)
(/usr/share/texlive/texmf-dist/tex/latex/base/ifthen.sty
Package: ifthen 2022/04/13 v1.1d Standard LaTeX ifthen package (DPC)
)
(/usr/share/texlive/texmf-dist/tex/latex/tools/array.sty
Rollback for package 'array' requested -> date 2016-10-06.
         Best approximation is the release introduced on 2016-10-06.

(/usr/share/texlive/texmf-dist/tex/latex/tools/array-2016-10-06.sty
Package: array 2016/10/06 v2.4d Tabular extension package (FMi)
\col@sep=\dimen141
\extrarowheight=\dimen142
\NC@list=\toks17
\extratabsurround=\skip50
\backup@length=\skip51
))
(/usr/share/texlive/texmf-dist/tex/generic/infwarerr/infwarerr.sty
package info suppressed
)
(./doxygen.sty
Package: doxygen 
 (/usr/share/texlive/texmf-dist/tex/latex/base/alltt.sty
Package: alltt 2021/01/29 v2.0g defines alltt environment
)
(/usr/share/texlive/texmf-dist/tex/latex/tools/calc.sty
Package: calc 2023/07/08 v4.3 Infix arithmetic (KKT,FJ)
\calc@Acount=\count195
\calc@Bcount=\count196
\calc@Adimen=\dimen143
\calc@Bdimen=\dimen144
\calc@Askip=\skip52
\calc@Bskip=\skip53
LaTeX Info: Redefining \setlength on input line 80.
LaTeX Info: Redefining \addtolength on input line 81.
\calc@Ccount=\count197
\calc@Cskip=\skip54
)
(/usr/share/texlive/texmf-dist/tex/latex/float/float.sty
Package: float 2001/11/08 v1.3d Float enhancements (AL)
\c@float@type=\count198
\float@exts=\toks18
\float@box=\box51
\@float@everytoks=\toks19
\@floatcapt=\box52
)
(/usr/share/texlive/texmf-dist/tex/latex/tools/verbatim.sty
Package: verbatim 2023-11-06 v1.5v LaTeX2e package for verbatim enhancements
\every@verbatim=\toks20
\verbatim@line=\toks21
\verbatim@in@stream=\read2
)
(/usr/share/texlive/texmf-dist/tex/latex/xcolor/xcolor.sty
Package: xcolor 2023/11/15 v3.01 LaTeX color extensions (UK)

(/usr/share/texlive/texmf-dist/tex/latex/graphics-cfg/color.cfg
File: color.cfg 2016/01/02 v1.6 sample color configuration
)
Package xcolor Info: Driver file: pdftex.def on input line 274.

(/usr/share/texlive/texmf-dist/tex/latex/graphics-def/pdftex.def
File: pdftex.def 2022/09/22 v1.2b Graphics/color driver for pdftex
)
(/usr/share/texlive/texmf-dist/tex/latex/graphics/mathcolor.ltx)
Package xcolor Info: Model `cmy' substituted by `cmy0' on input line 1350.
Package xcolor Info: Model `hsb' substituted by `rgb' on input line 1354.
Package xcolor Info: Model `RGB' extended on input line 1366.
Package xcolor Info: Model `HTML' substituted by `rgb' on input line 1368.
Package xcolor Info: Model `Hsb' substituted by `hsb' on input line 1369.
Package xcolor Info: Model `tHsb' substituted by `hsb' on input line 1370.
Package xcolor Info: Model `HSB' substituted by `hsb' on input line 1371.
Package xcolor Info: Model `Gray' substituted by `gray' on input line 1372.
Package xcolor Info: Model `wave' substituted by `hsb' on input line 1373.
)
(/usr/share/texlive/texmf-dist/tex/latex/colortbl/colortbl.sty
Package: colortbl 2022/06/20 v1.0f Color table columns (DPC)
\everycr=\toks22
\minrowclearance=\skip55
\rownum=\count199
)
(./longtable_doxygen.sty
Package: longtable_doxygen 2014/10/28 v4.11 Multi-page Table package (DPC) - fr
ozen version for doxygen
\LTleft=\skip56
\LTright=\skip57
\LTpre=\skip58
\LTpost=\skip59
\LTchunksize=\count266
\LTcapwidth=\dimen145
\LT@head=\box53
\LT@firsthead=\box54
\LT@foot=\box55
\LT@lastfoot=\box56
\LT@cols=\count267
\LT@rows=\count268
\c@LT@tables=\count269
\c@LT@chunks=\count270
\LT@p@ftn=\toks23
) (./tabu_doxygen.sty
Package: tabu_doxygen 2011/02/26 v2.8 - flexible LaTeX tabulars (FC), frozen ve
rsion for doxygen

(/usr/share/texlive/texmf-dist/tex/latex/varwidth/varwidth.sty
Package: varwidth 2009/03/30 ver 0.92;  Variable-width minipages
\@vwid@box=\box57
\sift@deathcycles=\count271
\@vwid@loff=\dimen146
\@vwid@roff=\dimen147
)
\c@taburow=\count272
\tabu@nbcols=\count273
\tabu@cnt=\count274
\tabu@Xcol=\count275
\tabu@alloc=\count276
\tabu@nested=\count277
\tabu@target=\dimen148
\tabu@spreadtarget=\dimen149
\tabu@naturalX=\dimen150
\tabucolX=\dimen151
\tabu@Xsum=\dimen152
\extrarowdepth=\dimen153
\abovetabulinesep=\dimen154
\belowtabulinesep=\dimen155
\tabustrutrule=\dimen156
\tabu@thebody=\toks24
\tabu@footnotes=\toks25
\tabu@box=\box58
\tabu@arstrutbox=\box59
\tabu@hleads=\box60
\tabu@vleads=\box61
\tabu@cellskip=\skip60
)
(/usr/share/texlive/texmf-dist/tex/latex/fancyvrb/fancyvrb.sty
Package: fancyvrb 2024/01/20 4.5c verbatim text (tvz,hv)

(/usr/share/texlive/texmf-dist/tex/latex/graphics/keyval.sty
Package: keyval 2022/05/29 v1.15 key=value parser (DPC)
\KV@toks@=\toks26
)
\FV@CodeLineNo=\count278
\FV@InFile=\read3
\FV@TabBox=\box62
\c@FancyVerbLine=\count279
\FV@StepNumber=\count280
\FV@OutFile=\write3
)
(/usr/share/texlive/texmf-dist/tex/latex/tools/tabularx.sty
Package: tabularx 2023/07/08 v2.11c `tabularx' package (DPC)
\TX@col@width=\dimen157
\TX@old@table=\dimen158
\TX@old@col=\dimen159
\TX@target=\dimen160
\TX@delta=\dimen161
\TX@cols=\count281
\TX@ftn=\toks27
)
(/usr/share/texlive/texmf-dist/tex/latex/tools/multicol.sty
Package: multicol 2023/03/30 v1.9f multicolumn formatting (FMi)
\c@tracingmulticols=\count282
\mult@box=\box63
\multicol@leftmargin=\dimen162
\c@unbalance=\count283
\c@collectmore=\count284
\doublecol@number=\count285
\multicoltolerance=\count286
\multicolpretolerance=\count287
\full@width=\dimen163
\page@free=\dimen164
\premulticols=\dimen165
\postmulticols=\dimen166
\multicolsep=\skip61
\multicolbaselineskip=\skip62
\partial@page=\box64
\last@line=\box65
\mc@boxedresult=\box66
\maxbalancingoverflow=\dimen167
\mult@rightbox=\box67
\mult@grightbox=\box68
\mult@firstbox=\box69
\mult@gfirstbox=\box70
\@tempa=\box71
\@tempa=\box72
\@tempa=\box73
\@tempa=\box74
\@tempa=\box75
\@tempa=\box76
\@tempa=\box77
\@tempa=\box78
\@tempa=\box79
\@tempa=\box80
\@tempa=\box81
\@tempa=\box82
\@tempa=\box83
\@tempa=\box84
\@tempa=\box85
\@tempa=\box86
\@tempa=\box87
\@tempa=\box88
\@tempa=\box89
\@tempa=\box90
\@tempa=\box91
\@tempa=\box92
\@tempa=\box93
\@tempa=\box94
\@tempa=\box95
\@tempa=\box96
\@tempa=\box97
\@tempa=\box98
\@tempa=\box99
\@tempa=\box100
\@tempa=\box101
\@tempa=\box102
\@tempa=\box103
\@tempa=\box104
\@tempa=\box105
\@tempa=\box106
\c@minrows=\count288
\c@columnbadness=\count289
\c@finalcolumnbadness=\count290
\last@try=\dimen168
\multicolovershoot=\dimen169
\multicolundershoot=\dimen170
\mult@nat@firstbox=\box107
\colbreak@box=\box108
\mc@col@check@num=\count291
)
(/usr/share/texlive/texmf-dist/tex/latex/multirow/multirow.sty
Package: multirow 2021/03/15 v2.8 Span multiple rows of a table
\multirow@colwidth=\skip63
\multirow@cntb=\count292
\multirow@dima=\skip64
\bigstrutjot=\dimen171
)
(/usr/share/texlive/texmf-dist/tex/latex/hanging/hanging.sty
Package: hanging 2009/09/02 v1.2b hanging paragraphs and punctuation
\h@ngcommawd=\skip65
\h@ngfstopwd=\skip66
\h@ngquotewd=\skip67
\h@ngdquotewd=\skip68
\h@ngquerywd=\skip69
\h@ngexclwd=\skip70
\h@ngcolonwd=\skip71
\h@ngscolonwd=\skip72
)
(/usr/share/texlive/texmf-dist/tex/generic/iftex/ifpdf.sty
Package: ifpdf 2019/10/25 v3.4 ifpdf legacy package. Use iftex instead.

(/usr/share/texlive/texmf-dist/tex/generic/iftex/iftex.sty
Package: iftex 2022/02/03 v1.0f TeX engine tests
))
(/usr/share/texlive/texmf-dist/tex/latex/adjustbox/adjustbox.sty
Package: adjustbox 2022/10/17 v1.3a Adjusting TeX boxes (trim, clip, ...)

(/usr/share/texlive/texmf-dist/tex/latex/xkeyval/xkeyval.sty
Package: xkeyval 2022/06/16 v2.9 package option processing (HA)

(/usr/share/texlive/texmf-dist/tex/generic/xkeyval/xkeyval.tex
(/usr/share/texlive/texmf-dist/tex/generic/xkeyval/xkvutils.tex
\XKV@toks=\toks28
\XKV@tempa@toks=\toks29
)
\XKV@depth=\count293
File: xkeyval.tex 2014/12/03 v2.7a key=value parser (HA)
))
(/usr/share/texlive/texmf-dist/tex/latex/adjustbox/adjcalc.sty
Package: adjcalc 2012/05/16 v1.1 Provides advanced setlength with multiple back
-ends (calc, etex, pgfmath)
)
(/usr/share/texlive/texmf-dist/tex/latex/adjustbox/trimclip.sty
Package: trimclip 2020/08/19 v1.2 Trim and clip general TeX material

(/usr/share/texlive/texmf-dist/tex/latex/graphics/graphicx.sty
Package: graphicx 2021/09/16 v1.2d Enhanced LaTeX Graphics (DPC,SPQR)

(/usr/share/texlive/texmf-dist/tex/latex/graphics/graphics.sty
Package: graphics 2022/03/10 v1.4e Standard LaTeX Graphics (DPC,SPQR)

(/usr/share/texlive/texmf-dist/tex/latex/graphics/trig.sty
Package: trig 2021/08/11 v1.11 sin cos tan (DPC)
)
(/usr/share/texlive/texmf-dist/tex/latex/graphics-cfg/graphics.cfg
File: graphics.cfg 2016/06/04 v1.11 sample graphics configuration
)
Package graphics Info: Driver file: pdftex.def on input line 107.
)
\Gin@req@height=\dimen172
\Gin@req@width=\dimen173
)
(/usr/share/texlive/texmf-dist/tex/latex/collectbox/collectbox.sty
Package: collectbox 2022/10/17 v0.4c Collect macro arguments as boxes
\collectedbox=\box109
)
\tc@llx=\dimen174
\tc@lly=\dimen175
\tc@urx=\dimen176
\tc@ury=\dimen177
Package trimclip Info: Using driver 'tc-pdftex.def'.

(/usr/share/texlive/texmf-dist/tex/latex/adjustbox/tc-pdftex.def
File: tc-pdftex.def 2019/01/04 v2.2 Clipping driver for pdftex
))
\adjbox@Width=\dimen178
\adjbox@Height=\dimen179
\adjbox@Depth=\dimen180
\adjbox@Totalheight=\dimen181
\adjbox@pwidth=\dimen182
\adjbox@pheight=\dimen183
\adjbox@pdepth=\dimen184
\adjbox@ptotalheight=\dimen185

(/usr/share/texlive/texmf-dist/tex/latex/ifoddpage/ifoddpage.sty
Package: ifoddpage 2022/10/18 v1.2 Conditionals for odd/even page detection
\c@checkoddpage=\count294
))
(/usr/share/texlive/texmf-dist/tex/latex/amsfonts/amssymb.sty
Package: amssymb 2013/01/14 v3.01 AMS font symbols

(/usr/share/texlive/texmf-dist/tex/latex/amsfonts/amsfonts.sty
Package: amsfonts 2013/01/14 v3.01 Basic AMSFonts support
\@emptytoks=\toks30
\symAMSa=\mathgroup4
\symAMSb=\mathgroup5
LaTeX Font Info:    Redeclaring math symbol \hbar on input line 98.
LaTeX Font Info:    Overwriting math alphabet `\mathfrak' in version `bold'
(Font)                  U/euf/m/n --> U/euf/b/n on input line 106.
))
(/usr/share/texlive/texmf-dist/tex/latex/stackengine/stackengine.sty
Package: stackengine 2021/07/22 v4.11\ Stacking text and objects in convenient 
ways

(/usr/share/texlive/texmf-dist/tex/latex/etoolbox/etoolbox.sty
Package: etoolbox 2020/10/05 v2.5k e-TeX tools for LaTeX (JAW)
\etb@tempcnta=\count295
)
(/usr/share/texlive/texmf-dist/tex/generic/listofitems/listofitems.sty
(/usr/share/texlive/texmf-dist/tex/generic/listofitems/listofitems.tex
\loi_cnt_foreach_nest=\count296
\loi_nestcnt=\count297
)
Package: listofitems 2019/08/21 v1.63 Grab items in lists using user-specified 
sep char (CT)
)
\c@@stackindex=\count298
\@boxshift=\skip73
\stack@tmplength=\skip74
\temp@stkl=\skip75
\@stackedboxwidth=\skip76
\@addedbox=\box110
\@anchorbox=\box111
\@insetbox=\box112
\se@backgroundbox=\box113
\stackedbox=\box114
\@centerbox=\box115
\c@ROWcellindex@=\count299
)
(/usr/share/texlive/texmf-dist/tex/latex/enumitem/enumitem.sty
Package: enumitem 2019/06/20 v3.9 Customized lists
\labelindent=\skip77
\enit@outerparindent=\dimen186
\enit@toks=\toks31
\enit@inbox=\box116
\enit@count@id=\count300
\enitdp@description=\count301
)
(/usr/share/texlive/texmf-dist/tex/generic/alphalph/alphalph.sty
Package: alphalph 2019/12/09 v2.6 Convert numbers to letters (HO)

(/usr/share/texlive/texmf-dist/tex/generic/intcalc/intcalc.sty
Package: intcalc 2019/12/15 v1.3 Expandable calculations with integers (HO)
))
(/usr/share/texlive/texmf-dist/tex/generic/ulem/ulem.sty
\UL@box=\box117
\UL@hyphenbox=\box118
\UL@skip=\skip78
\UL@hook=\toks32
\UL@height=\dimen187
\UL@pe=\count302
\UL@pixel=\dimen188
\ULC@box=\box119
Package: ulem 2019/11/18
\ULdepth=\dimen189
)
\xrefbox=\box120
\xreflength=\skip79
\CodeWidthChar=\skip80
\CodeHeightChar=\skip81
\DoxyCodeWidth=\skip82
\c@DoxyEnumeratei=\count303
\c@DoxyEnumerateii=\count304
\c@DoxyEnumerateiii=\count305
\c@DoxyEnumerateiv=\count306
\c@DoxyEnumeratev=\count307
\c@DoxyEnumeratevi=\count308
\c@DoxyEnumeratevii=\count309
\c@DoxyEnumerateviii=\count310
\c@DoxyEnumerateix=\count311
\c@DoxyEnumeratex=\count312
\c@DoxyEnumeratexi=\count313
\c@DoxyEnumeratexii=\count314
\enitdp@DoxyEnumerate=\count315
\enitdp@DoxyItemize=\count316
\c@subsubsubsection=\count317
\c@subsubsubsubsection=\count318
\c@subsubsubsubsubsection=\count319
\c@subsubsubsubsubsubsection=\count320
)
(/usr/share/texlive/texmf-dist/tex/latex/base/inputenc.sty
Package: inputenc 2021/02/14 v1.3d Input encoding file
\inpenc@prehook=\toks33
\inpenc@posthook=\toks34
)
(/usr/share/texlive/texmf-dist/tex/latex/base/makeidx.sty
Package: makeidx 2021/10/04 v1.0m Standard LaTeX package
)
(/usr/share/texlive/texmf-dist/tex/latex/base/textcomp.sty
Package: textcomp 2020/02/02 v2.0n Standard LaTeX package
)
(/usr/share/texlive/texmf-dist/tex/latex/wasysym/wasysym.sty
Package: wasysym 2020/01/19 v2.4 Wasy-2 symbol support package
\symwasy=\mathgroup6
LaTeX Font Info:    Overwriting symbol font `wasy' in version `bold'
(Font)                  U/wasy/m/n --> U/wasy/b/n on input line 93.
)
(/usr/share/texlive/texmf-dist/tex/generic/iftex/ifxetex.sty
Package: ifxetex 2019/10/25 v0.7 ifxetex legacy package. Use iftex instead.
)
(/usr/share/texlive/texmf-dist/tex/latex/newtx/newtxtext.sty
Package: newtxtext 2024/01/11 v1.737(Michael Sharpe) latex and unicode latex su
pport for TeXGyreTermesX

`newtxtext' v1.737, 2024/01/11 Text macros taking advantage of TeXGyre Termes a
nd its extensions (msharpe)
(/usr/share/texlive/texmf-dist/tex/latex/xpatch/xpatch.sty
(/usr/share/texlive/texmf-dist/tex/latex/l3kernel/expl3.sty
Package: expl3 2024-01-22 L3 programming layer (loader) 

(/usr/share/texlive/texmf-dist/tex/latex/l3backend/l3backend-pdftex.def
File: l3backend-pdftex.def 2024-01-04 L3 backend support: PDF output (pdfTeX)
\l__color_backend_stack_int=\count321
\l__pdf_internal_box=\box121
))
Package: xpatch 2020/03/25 v0.3a Extending etoolbox patching commands

(/usr/share/texlive/texmf-dist/tex/latex/l3packages/xparse/xparse.sty
Package: xparse 2023-10-10 L3 Experimental document command parser
))
(/usr/share/texlive/texmf-dist/tex/generic/xstring/xstring.sty
(/usr/share/texlive/texmf-dist/tex/generic/xstring/xstring.tex
\xs_counta=\count322
\xs_countb=\count323
)
Package: xstring 2023/08/22 v1.86 String manipulations (CT)
)
(/usr/share/texlive/texmf-dist/tex/latex/carlisle/scalefnt.sty)
LaTeX Font Info:    Setting ntxLF sub-encoding to TS1/0 on input line 24.
LaTeX Font Info:    Setting ntxTLF sub-encoding to TS1/0 on input line 24.
LaTeX Font Info:    Setting ntxOsF sub-encoding to TS1/0 on input line 24.
LaTeX Font Info:    Setting ntxTOsF sub-encoding to TS1/0 on input line 24.

(/usr/share/texlive/texmf-dist/tex/generic/kastrup/binhex.tex)
\ntx@tmpcnta=\count324
\ntx@cnt=\count325

(/usr/share/texlive/texmf-dist/tex/latex/fontaxes/fontaxes.sty
Package: fontaxes 2020/07/21 v1.0e Font selection axes
LaTeX Info: Redefining \upshape on input line 29.
LaTeX Info: Redefining \itshape on input line 31.
LaTeX Info: Redefining \slshape on input line 33.
LaTeX Info: Redefining \swshape on input line 35.
LaTeX Info: Redefining \scshape on input line 37.
LaTeX Info: Redefining \sscshape on input line 39.
LaTeX Info: Redefining \ulcshape on input line 41.
LaTeX Info: Redefining \textsw on input line 47.
LaTeX Info: Redefining \textssc on input line 48.
LaTeX Info: Redefining \textulc on input line 49.
)
\tx@sixem=\dimen190
\tx@y=\dimen191
\tx@x=\dimen192
\tx@tmpdima=\dimen193
\tx@tmpdimb=\dimen194
\tx@tmpdimc=\dimen195
\tx@tmpdimd=\dimen196
\tx@tmpdime=\dimen197
\tx@tmpdimf=\dimen198
\tx@dimA=\dimen199
\tx@dimAA=\dimen256
\tx@dimB=\dimen257
\tx@dimBB=\dimen258
\tx@dimC=\dimen259
LaTeX Info: Redefining \oldstylenums on input line 893.
)
(/usr/share/texlive/texmf-dist/tex/latex/newtx/newtxmath.sty
Package: newtxmath 2023/11/05 v1.732

`newtxmath' v1.732, 2023/11/05 Math macros based originally on txfonts (msharpe
) (/usr/share/texlive/texmf-dist/tex/latex/amsmath/amsmath.sty
Package: amsmath 2023/05/13 v2.17o AMS math features
\@mathmargin=\skip83

For additional information on amsmath, use the `?' option.
(/usr/share/texlive/texmf-dist/tex/latex/amsmath/amstext.sty
Package: amstext 2021/08/26 v2.01 AMS text

(/usr/share/texlive/texmf-dist/tex/latex/amsmath/amsgen.sty
File: amsgen.sty 1999/11/30 v2.0 generic functions
\@emptytoks=\toks35
\ex@=\dimen260
))
(/usr/share/texlive/texmf-dist/tex/latex/amsmath/amsbsy.sty
Package: amsbsy 1999/11/29 v1.2d Bold Symbols
\pmbraise@=\dimen261
)
(/usr/share/texlive/texmf-dist/tex/latex/amsmath/amsopn.sty
Package: amsopn 2022/04/08 v2.04 operator names
)
\inf@bad=\count326
LaTeX Info: Redefining \frac on input line 234.
\uproot@=\count327
\leftroot@=\count328
LaTeX Info: Redefining \overline on input line 399.
LaTeX Info: Redefining \colon on input line 410.
\classnum@=\count329
\DOTSCASE@=\count330
LaTeX Info: Redefining \ldots on input line 496.
LaTeX Info: Redefining \dots on input line 499.
LaTeX Info: Redefining \cdots on input line 620.
\Mathstrutbox@=\box122
\strutbox@=\box123
LaTeX Info: Redefining \big on input line 722.
LaTeX Info: Redefining \Big on input line 723.
LaTeX Info: Redefining \bigg on input line 724.
LaTeX Info: Redefining \Bigg on input line 725.
\big@size=\dimen262
LaTeX Font Info:    Redeclaring font encoding OML on input line 743.
LaTeX Font Info:    Redeclaring font encoding OMS on input line 744.
\macc@depth=\count331
LaTeX Info: Redefining \bmod on input line 905.
LaTeX Info: Redefining \pmod on input line 910.
LaTeX Info: Redefining \smash on input line 940.
LaTeX Info: Redefining \relbar on input line 970.
LaTeX Info: Redefining \Relbar on input line 971.
\c@MaxMatrixCols=\count332
\dotsspace@=\muskip16
\c@parentequation=\count333
\dspbrk@lvl=\count334
\tag@help=\toks36
\row@=\count335
\column@=\count336
\maxfields@=\count337
\andhelp@=\toks37
\eqnshift@=\dimen263
\alignsep@=\dimen264
\tagshift@=\dimen265
\tagwidth@=\dimen266
\totwidth@=\dimen267
\lineht@=\dimen268
\@envbody=\toks38
\multlinegap=\skip84
\multlinetaggap=\skip85
\mathdisplay@stack=\toks39
LaTeX Info: Redefining \[ on input line 2953.
LaTeX Info: Redefining \] on input line 2954.
)
(/usr/share/texlive/texmf-dist/tex/latex/oberdiek/centernot.sty
Package: centernot 2016/05/16 v1.4 Centers the not symbol horizontally (HO)
)
\tx@cntz=\count338

(/usr/share/texlive/texmf-dist/tex/generic/kastrup/binhex.tex)
\tx@Isdigit=\count339
\tx@IsAlNum=\count340
\tx@tA=\toks40
\tx@tB=\toks41
\tx@su=\read4

amsthm NOT loaded
LaTeX Font Info:    Redeclaring symbol font `operators' on input line 390.
LaTeX Font Info:    Overwriting symbol font `operators' in version `normal'
(Font)                  OT1/cmr/m/n --> OT1/minntx/m/n on input line 390.
LaTeX Font Info:    Overwriting symbol font `operators' in version `bold'
(Font)                  OT1/cmr/bx/n --> OT1/minntx/m/n on input line 390.
LaTeX Font Info:    Overwriting symbol font `operators' in version `bold'
(Font)                  OT1/minntx/m/n --> OT1/minntx/b/n on input line 391.
LaTeX Font Info:    Redeclaring math alphabet \mathsf on input line 397.
LaTeX Font Info:    Overwriting math alphabet `\mathsf' in version `normal'
(Font)                  OT1/cmss/m/n --> OT1/qhv/m/n on input line 397.
LaTeX Font Info:    Overwriting math alphabet `\mathsf' in version `bold'
(Font)                  OT1/cmss/bx/n --> OT1/qhv/m/n on input line 397.
LaTeX Font Info:    Redeclaring math alphabet \mathit on input line 398.
LaTeX Font Info:    Overwriting math alphabet `\mathit' in version `normal'
(Font)                  OT1/cmr/m/it --> OT1/minntx/m/it on input line 398.
LaTeX Font Info:    Overwriting math alphabet `\mathit' in version `bold'
(Font)                  OT1/cmr/bx/it --> OT1/minntx/m/it on input line 398.
LaTeX Font Info:    Redeclaring math alphabet \mathtt on input line 399.
LaTeX Font Info:    Overwriting math alphabet `\mathtt' in version `normal'
(Font)                  OT1/cmtt/m/n --> OT1/ntxtt/m/n on input line 399.
LaTeX Font Info:    Overwriting math alphabet `\mathtt' in version `bold'
(Font)                  OT1/cmtt/m/n --> OT1/ntxtt/m/n on input line 399.
LaTeX Font Info:    Redeclaring math alphabet \mathbf on input line 401.
LaTeX Font Info:    Overwriting math alphabet `\mathbf' in version `normal'
(Font)                  OT1/cmr/bx/n --> OT1/minntx/b/n on input line 401.
LaTeX Font Info:    Overwriting math alphabet `\mathbf' in version `bold'
(Font)                  OT1/cmr/bx/n --> OT1/minntx/b/n on input line 401.
LaTeX Font Info:    Overwriting math alphabet `\mathit' in version `bold'
(Font)                  OT1/minntx/m/it --> OT1/minntx/b/it on input line 402.
LaTeX Font Info:    Overwriting math alphabet `\mathsf' in version `bold'
(Font)                  OT1/qhv/m/n --> OT1/qhv/b/n on input line 403.
LaTeX Font Info:    Overwriting math alphabet `\mathtt' in version `bold'
(Font)                  OT1/ntxtt/m/n --> OT1/ntxtt/b/n on input line 404.
LaTeX Font Info:    Redeclaring symbol font `letters' on input line 506.
LaTeX Font Info:    Overwriting symbol font `letters' in version `normal'
(Font)                  OML/cmm/m/it --> OML/ntxmi/m/it on input line 506.
LaTeX Font Info:    Overwriting symbol font `letters' in version `bold'
(Font)                  OML/cmm/b/it --> OML/ntxmi/m/it on input line 506.
LaTeX Font Info:    Overwriting symbol font `letters' in version `bold'
(Font)                  OML/ntxmi/m/it --> OML/ntxmi/b/it on input line 507.
\symlettersA=\mathgroup7
LaTeX Font Info:    Overwriting symbol font `lettersA' in version `bold'
(Font)                  U/ntxmia/m/it --> U/ntxmia/b/it on input line 562.
LaTeX Font Info:    Redeclaring math alphabet \mathfrak on input line 564.
Now handling font encoding LMS ...
... no UTF-8 mapping file for font encoding LMS
LaTeX Font Info:    Redeclaring symbol font `symbols' on input line 583.
LaTeX Font Info:    Encoding `OMS' has changed to `LMS' for symbol font
(Font)              `symbols' in the math version `normal' on input line 583.
LaTeX Font Info:    Overwriting symbol font `symbols' in version `normal'
(Font)                  OMS/cmsy/m/n --> LMS/ntxsy/m/n on input line 583.
LaTeX Font Info:    Encoding `OMS' has changed to `LMS' for symbol font
(Font)              `symbols' in the math version `bold' on input line 583.
LaTeX Font Info:    Overwriting symbol font `symbols' in version `bold'
(Font)                  OMS/cmsy/b/n --> LMS/ntxsy/m/n on input line 583.
LaTeX Font Info:    Overwriting symbol font `symbols' in version `bold'
(Font)                  LMS/ntxsy/m/n --> LMS/ntxsy/b/n on input line 584.
\symAMSm=\mathgroup8
LaTeX Font Info:    Overwriting symbol font `AMSm' in version `bold'
(Font)                  U/ntxsym/m/n --> U/ntxsym/b/n on input line 609.
\symsymbolsC=\mathgroup9
LaTeX Font Info:    Overwriting symbol font `symbolsC' in version `bold'
(Font)                  U/ntxsyc/m/n --> U/ntxsyc/b/n on input line 630.
Now handling font encoding LMX ...
... no UTF-8 mapping file for font encoding LMX
LaTeX Font Info:    Redeclaring symbol font `largesymbols' on input line 643.
LaTeX Font Info:    Encoding `OMX' has changed to `LMX' for symbol font
(Font)              `largesymbols' in the math version `normal' on input line 6
43.
LaTeX Font Info:    Overwriting symbol font `largesymbols' in version `normal'
(Font)                  OMX/cmex/m/n --> LMX/ntxexx/m/n on input line 643.
LaTeX Font Info:    Encoding `OMX' has changed to `LMX' for symbol font
(Font)              `largesymbols' in the math version `bold' on input line 643
.
LaTeX Font Info:    Overwriting symbol font `largesymbols' in version `bold'
(Font)                  OMX/cmex/m/n --> LMX/ntxexx/m/n on input line 643.
LaTeX Font Info:    Overwriting symbol font `largesymbols' in version `bold'
(Font)                  LMX/ntxexx/m/n --> LMX/ntxexx/b/n on input line 644.
\symlargesymbolsTXA=\mathgroup10
LaTeX Font Info:    Overwriting symbol font `largesymbolsTXA' in version `bold'

(Font)                  U/ntxexa/m/n --> U/ntxexa/b/n on input line 658.
\tx@sbptoks=\toks42
LaTeX Font Info:    Redeclaring math delimiter \lfloor on input line 881.
LaTeX Font Info:    Redeclaring math delimiter \rfloor on input line 882.
LaTeX Font Info:    Redeclaring math delimiter \lceil on input line 883.
LaTeX Font Info:    Redeclaring math delimiter \rceil on input line 884.
LaTeX Font Info:    Redeclaring math delimiter \lbrace on input line 889.
LaTeX Font Info:    Redeclaring math delimiter \rbrace on input line 890.
LaTeX Font Info:    Redeclaring math delimiter \langle on input line 892.
LaTeX Font Info:    Redeclaring math delimiter \rangle on input line 894.
LaTeX Font Info:    Redeclaring math delimiter \arrowvert on input line 898.
LaTeX Font Info:    Redeclaring math delimiter \vert on input line 899.
LaTeX Font Info:    Redeclaring math accent \dot on input line 970.
LaTeX Font Info:    Redeclaring math accent \ddot on input line 971.
LaTeX Font Info:    Redeclaring math accent \vec on input line 2044.
LaTeX Info: Redefining \Bbbk on input line 2834.
LaTeX Info: Redefining \not on input line 2982.
) (/usr/share/texlive/texmf-dist/tex/latex/base/fontenc.sty
Package: fontenc 2021/04/29 v2.0v Standard LaTeX package
LaTeX Font Info:    Trying to load font information for T1+minntx on input line
 112.

(/usr/share/texlive/texmf-dist/tex/latex/newtx/t1minntx.fd
File: t1minntx.fd 2023/09/09 v1.1 font definition file for T1/minntx
))
(/usr/share/texlive/texmf-dist/tex/latex/psnfss/helvet.sty
Package: helvet 2020/03/25 PSNFSS-v9.3 (WaS) 
)
(/usr/share/texlive/texmf-dist/tex/latex/psnfss/courier.sty
Package: courier 2020/03/25 PSNFSS-v9.3 (WaS) 
)
(/usr/share/texlive/texmf-dist/tex/latex/geometry/geometry.sty
Package: geometry 2020/01/02 v5.9 Page Geometry

(/usr/share/texlive/texmf-dist/tex/generic/iftex/ifvtex.sty
Package: ifvtex 2019/10/25 v1.7 ifvtex legacy package. Use iftex instead.
)
\Gm@cnth=\count341
\Gm@cntv=\count342
\c@Gm@tempcnt=\count343
\Gm@bindingoffset=\dimen269
\Gm@wd@mp=\dimen270
\Gm@odd@mp=\dimen271
\Gm@even@mp=\dimen272
\Gm@layoutwidth=\dimen273
\Gm@layoutheight=\dimen274
\Gm@layouthoffset=\dimen275
\Gm@layoutvoffset=\dimen276
\Gm@dimlist=\toks43
)
(/usr/share/texlive/texmf-dist/tex/latex/changepage/changepage.sty
Package: changepage 2009/10/20 v1.0c check page and change page layout
\c@cp@cntr=\count344
\cp@tempcnt=\count345
LaTeX Info: Redefining \checkoddpage on input line 59.
)
(/usr/share/texlive/texmf-dist/tex/latex/fancyhdr/fancyhdr.sty
Package: fancyhdr 2022/11/09 v4.1 Extensive control of page headers and footers

\f@nch@headwidth=\skip86
\f@nch@O@elh=\skip87
\f@nch@O@erh=\skip88
\f@nch@O@olh=\skip89
\f@nch@O@orh=\skip90
\f@nch@O@elf=\skip91
\f@nch@O@erf=\skip92
\f@nch@O@olf=\skip93
\f@nch@O@orf=\skip94
)
(/usr/share/texlive/texmf-dist/tex/latex/natbib/natbib.sty
Package: natbib 2010/09/13 8.31b (PWD, AO)
\bibhang=\skip95
\bibsep=\skip96
LaTeX Info: Redefining \cite on input line 694.
\c@NAT@ctr=\count346
)
(/usr/share/texlive/texmf-dist/tex/latex/tocloft/tocloft.sty
Package: tocloft 2017/08/31 v2.3i parameterised ToC, etc., typesetting
Package tocloft Info: The document has section divisions on input line 51.
\cftparskip=\skip97
\cftbeforetoctitleskip=\skip98
\cftaftertoctitleskip=\skip99
\cftbeforepartskip=\skip100
\cftpartnumwidth=\skip101
\cftpartindent=\skip102
\cftbeforesecskip=\skip103
\cftsecindent=\skip104
\cftsecnumwidth=\skip105
\cftbeforesubsecskip=\skip106
\cftsubsecindent=\skip107
\cftsubsecnumwidth=\skip108
\cftbeforesubsubsecskip=\skip109
\cftsubsubsecindent=\skip110
\cftsubsubsecnumwidth=\skip111
\cftbeforeparaskip=\skip112
\cftparaindent=\skip113
\cftparanumwidth=\skip114
\cftbeforesubparaskip=\skip115
\cftsubparaindent=\skip116
\cftsubparanumwidth=\skip117
\cftbeforeloftitleskip=\skip118
\cftafterloftitleskip=\skip119
\cftbeforefigskip=\skip120
\cftfigindent=\skip121
\cftfignumwidth=\skip122
\c@lofdepth=\count347
\c@lotdepth=\count348
\cftbeforelottitleskip=\skip123
\cftafterlottitleskip=\skip124
\cftbeforetabskip=\skip125
\cfttabindent=\skip126
\cfttabnumwidth=\skip127
)
\@indexfile=\write4
\openout4 = `refman.idx'.


Writing index file refman.idx
(/usr/share/texlive/texmf-dist/tex/latex/newunicodechar/newunicodechar.sty
Package: newunicodechar 2018/04/08 v1.2 Defining Unicode characters
)
(/usr/share/texlive/texmf-dist/tex/latex/hyperref/hyperref.sty
Package: hyperref 2024-01-20 v7.01h Hypertext links for LaTeX

(/usr/share/texlive/texmf-dist/tex/latex/kvsetkeys/kvsetkeys.sty
Package: kvsetkeys 2022-10-05 v1.19 Key value parser (HO)
)
(/usr/share/texlive/texmf-dist/tex/generic/kvdefinekeys/kvdefinekeys.sty
Package: kvdefinekeys 2019-12-19 v1.6 Define keys (HO)
)
(/usr/share/texlive/texmf-dist/tex/generic/pdfescape/pdfescape.sty
Package: pdfescape 2019/12/09 v1.15 Implements pdfTeX's escape features (HO)

(/usr/share/texlive/texmf-dist/tex/generic/ltxcmds/ltxcmds.sty
Package: ltxcmds 2023-12-04 v1.26 LaTeX kernel commands for general use (HO)
)
(/usr/share/texlive/texmf-dist/tex/generic/pdftexcmds/pdftexcmds.sty
Package: pdftexcmds 2020-06-27 v0.33 Utility functions of pdfTeX for LuaTeX (HO
)
Package pdftexcmds Info: \pdf@primitive is available.
Package pdftexcmds Info: \pdf@ifprimitive is available.
Package pdftexcmds Info: \pdfdraftmode found.
))
(/usr/share/texlive/texmf-dist/tex/latex/hycolor/hycolor.sty
Package: hycolor 2020-01-27 v1.10 Color options for hyperref/bookmark (HO)
)
(/usr/share/texlive/texmf-dist/tex/latex/auxhook/auxhook.sty
Package: auxhook 2019-12-17 v1.6 Hooks for auxiliary files (HO)
)
(/usr/share/texlive/texmf-dist/tex/latex/hyperref/nameref.sty
Package: nameref 2023-11-26 v2.56 Cross-referencing by name of section

(/usr/share/texlive/texmf-dist/tex/latex/refcount/refcount.sty
Package: refcount 2019/12/15 v3.6 Data extraction from label references (HO)
)
(/usr/share/texlive/texmf-dist/tex/generic/gettitlestring/gettitlestring.sty
Package: gettitlestring 2019/12/15 v1.6 Cleanup title references (HO)

(/usr/share/texlive/texmf-dist/tex/latex/kvoptions/kvoptions.sty
Package: kvoptions 2022-06-15 v3.15 Key value format for package options (HO)
))
\c@section@level=\count349
)
\@linkdim=\dimen277
\Hy@linkcounter=\count350
\Hy@pagecounter=\count351

(/usr/share/texlive/texmf-dist/tex/latex/hyperref/pd1enc.def
File: pd1enc.def 2024-01-20 v7.01h Hyperref: PDFDocEncoding definition (HO)
Now handling font encoding PD1 ...
... no UTF-8 mapping file for font encoding PD1
)
\Hy@SavedSpaceFactor=\count352

(/usr/share/texlive/texmf-dist/tex/latex/hyperref/puenc.def
File: puenc.def 2024-01-20 v7.01h Hyperref: PDF Unicode definition (HO)
Now handling font encoding PU ...
... no UTF-8 mapping file for font encoding PU
)
Package hyperref Info: Hyper figures OFF on input line 4179.
Package hyperref Info: Link nesting OFF on input line 4184.
Package hyperref Info: Hyper index ON on input line 4187.
Package hyperref Info: Plain pages OFF on input line 4194.
Package hyperref Info: Backreferencing ON on input line 4197.
Package hyperref Info: Implicit mode ON; LaTeX internals redefined.
Package hyperref Info: Bookmarks ON on input line 4446.

(/usr/share/texlive/texmf-dist/tex/latex/hyperref/backref.sty
Package: backref 2023-11-26 v1.44 Bibliographical back referencing

(/usr/share/texlive/texmf-dist/tex/latex/rerunfilecheck/rerunfilecheck.sty
Package: rerunfilecheck 2022-07-10 v1.10 Rerun checks for auxiliary files (HO)

(/usr/share/texlive/texmf-dist/tex/latex/base/atveryend-ltx.sty
Package: atveryend-ltx 2020/08/19 v1.0a Emulation of the original atveryend pac
kage
with kernel methods
)
(/usr/share/texlive/texmf-dist/tex/generic/uniquecounter/uniquecounter.sty
Package: uniquecounter 2019/12/15 v1.4 Provide unlimited unique counter (HO)

(/usr/share/texlive/texmf-dist/tex/generic/bigintcalc/bigintcalc.sty
Package: bigintcalc 2019/12/15 v1.5 Expandable calculations on big integers (HO
)
))
Package uniquecounter Info: New unique counter `rerunfilecheck' on input line 2
85.
))
\c@Hy@tempcnt=\count353

(/usr/share/texlive/texmf-dist/tex/latex/url/url.sty
\Urlmuskip=\muskip17
Package: url 2013/09/16  ver 3.4  Verb mode for urls, etc.
)
LaTeX Info: Redefining \url on input line 4784.
\XeTeXLinkMargin=\dimen278

(/usr/share/texlive/texmf-dist/tex/generic/bitset/bitset.sty
Package: bitset 2019/12/09 v1.3 Handle bit-vector datatype (HO)
)
\Fld@menulength=\count354
\Field@Width=\dimen279
\Fld@charsize=\dimen280
Package hyperref Info: Hyper figures OFF on input line 6063.
Package hyperref Info: Link nesting OFF on input line 6068.
Package hyperref Info: Hyper index ON on input line 6071.
Package hyperref Info: backreferencing ON on input line 6076.
Package hyperref Info: Link coloring OFF on input line 6083.
Package hyperref Info: Link coloring with OCG OFF on input line 6088.
Package hyperref Info: PDF/A mode OFF on input line 6093.

(/usr/share/texlive/texmf-dist/tex/latex/base/atbegshi-ltx.sty
Package: atbegshi-ltx 2021/01/10 v1.0c Emulation of the original atbegshi
package with kernel methods
)
\Hy@abspage=\count355
\c@Item=\count356
\c@Hfootnote=\count357
)
Package hyperref Info: Driver: hpdftex.

(/usr/share/texlive/texmf-dist/tex/latex/hyperref/hpdftex.def
File: hpdftex.def 2024-01-20 v7.01h Hyperref driver for pdfTeX
\Fld@listcount=\count358
\c@bookmark@seq@number=\count359
\Hy@SectionHShift=\skip128
)
Package hyperref Info: Option `colorlinks' set `true' on input line 164.
Package hyperref Info: Option `unicode' set `true' on input line 164.

(/usr/share/texlive/texmf-dist/tex/latex/caption/caption.sty
Package: caption 2023/08/05 v3.6o Customizing captions (AR)

(/usr/share/texlive/texmf-dist/tex/latex/caption/caption3.sty
Package: caption3 2023/07/31 v2.4d caption3 kernel (AR)
\caption@tempdima=\dimen281
\captionmargin=\dimen282
\caption@leftmargin=\dimen283
\caption@rightmargin=\dimen284
\caption@width=\dimen285
\caption@indent=\dimen286
\caption@parindent=\dimen287
\caption@hangindent=\dimen288
Package caption Info: Standard document class detected.
)
\c@caption@flags=\count360
\c@continuedfloat=\count361
Package caption Info: changepage package is loaded.
\caption@adjustwidth@hsize=\dimen289
\caption@adjustwidth@linewidth=\dimen290
Package caption Info: float package is loaded.
Package caption Info: hyperref package is loaded.
Package caption Info: longtable package is loaded.

(/usr/share/texlive/texmf-dist/tex/latex/caption/ltcaption.sty
Package: ltcaption 2021/01/08 v1.4c longtable captions (AR)
))
(/usr/share/texlive/texmf-dist/tex/latex/etoc/etoc.sty
Package: etoc 2023/10/29 v1.2d Completely customisable TOCs (JFB)
\Etoc@toctoks=\toks44
\c@etoc@tocid=\count362
\etoc@framed@titlebox=\box124
\etoc@framed@contentsbox=\box125
)
LaTeX Font Info:    Trying to load font information for T1+phv on input line 18
6.

(/usr/share/texlive/texmf-dist/tex/latex/psnfss/t1phv.fd
File: t1phv.fd 2020/03/25 scalable font definitions for T1/phv.
)
LaTeX Font Info:    Font shape `T1/phv/m/n' will be
(Font)              scaled to size 10.79993pt on input line 186.
 (./refman.aux)
\openout1 = `refman.aux'.

LaTeX Font Info:    Checking defaults for OML/ntxmi/m/it on input line 186.
LaTeX Font Info:    Trying to load font information for OML+ntxmi on input line
 186.

(/usr/share/texlive/texmf-dist/tex/latex/newtx/omlntxmi.fd
File: omlntxmi.fd 2015/08/25 Fontinst v1.933 font definitions for OML/ntxmi.
)
LaTeX Font Info:    ... okay on input line 186.
LaTeX Font Info:    Checking defaults for OMS/cmsy/m/n on input line 186.
LaTeX Font Info:    ... okay on input line 186.
LaTeX Font Info:    Checking defaults for OT1/cmr/m/n on input line 186.
LaTeX Font Info:    ... okay on input line 186.
LaTeX Font Info:    Checking defaults for T1/cmr/m/n on input line 186.
LaTeX Font Info:    ... okay on input line 186.
LaTeX Font Info:    Checking defaults for TS1/cmr/m/n on input line 186.
LaTeX Font Info:    ... okay on input line 186.
LaTeX Font Info:    Checking defaults for OMX/cmex/m/n on input line 186.
LaTeX Font Info:    ... okay on input line 186.
LaTeX Font Info:    Checking defaults for U/ntxexa/m/n on input line 186.
LaTeX Font Info:    Trying to load font information for U+ntxexa on input line 
186.

(/usr/share/texlive/texmf-dist/tex/latex/newtx/untxexa.fd
File: untxexa.fd 2012/04/16 Fontinst v1.933 font definitions for U/ntxexa.
)
LaTeX Font Info:    ... okay on input line 186.
LaTeX Font Info:    Checking defaults for LMS/ntxsy/m/n on input line 186.
LaTeX Font Info:    Trying to load font information for LMS+ntxsy on input line
 186.

(/usr/share/texlive/texmf-dist/tex/latex/newtx/lmsntxsy.fd
File: lmsntxsy.fd 2016/07/02 Fontinst v1.933 font definitions for LMS/ntxsy.
)
LaTeX Font Info:    ... okay on input line 186.
LaTeX Font Info:    Checking defaults for LMX/ntxexx/m/n on input line 186.
LaTeX Font Info:    Trying to load font information for LMX+ntxexx on input lin
e 186.

(/usr/share/texlive/texmf-dist/tex/latex/newtx/lmxntxexx.fd
File: lmxntxexx.fd 2016/07/03 Fontinst v1.933 font definitions for LMX/ntxexx.
)
LaTeX Font Info:    ... okay on input line 186.
LaTeX Font Info:    Checking defaults for PD1/pdf/m/n on input line 186.
LaTeX Font Info:    ... okay on input line 186.
LaTeX Font Info:    Checking defaults for PU/pdf/m/n on input line 186.
LaTeX Font Info:    ... okay on input line 186.

(/usr/share/texlive/texmf-dist/tex/context/base/mkii/supp-pdf.mkii
[Loading MPS to PDF converter (version 2006.09.02).]
\scratchcounter=\count363
\scratchdimen=\dimen291
\scratchbox=\box126
\nofMPsegments=\count364
\nofMParguments=\count365
\everyMPshowfont=\toks45
\MPscratchCnt=\count366
\MPscratchDim=\dimen292
\MPnumerator=\count367
\makeMPintoPDFobject=\count368
\everyMPtoPDFconversion=\toks46
) (/usr/share/texlive/texmf-dist/tex/latex/epstopdf-pkg/epstopdf-base.sty
Package: epstopdf-base 2020-01-24 v2.11 Base part for package epstopdf
Package epstopdf-base Info: Redefining graphics rule for `.eps' on input line 4
85.

(/usr/share/texlive/texmf-dist/tex/latex/latexconfig/epstopdf-sys.cfg
File: epstopdf-sys.cfg 2010/07/13 v1.3 Configuration of (r)epstopdf for TeX Liv
e
))
\c@mv@tabular=\count369
\c@mv@boldtabular=\count370
LaTeX Info: Command `\dddot' is already robust on input line 186.
LaTeX Info: Command `\ddddot' is already robust on input line 186.

*geometry* driver: auto-detecting
*geometry* detected driver: pdftex
*geometry* verbose mode - [ preamble ] result:
* driver: pdftex
* paper: a4paper
* layout: <same size as paper>
* layoutoffset:(h,v)=(0.0pt,0.0pt)
* modes: twoside 
* h-part:(L,W,R)=(71.13188pt, 455.24411pt, 71.13188pt)
* v-part:(T,H,B)=(71.13188pt, 702.78308pt, 71.13188pt)
* \paperwidth=597.50787pt
* \paperheight=845.04684pt
* \textwidth=455.24411pt
* \textheight=702.78308pt
* \oddsidemargin=-1.1381pt
* \evensidemargin=-1.1381pt
* \topmargin=-38.1381pt
* \headheight=12.0pt
* \headsep=25.0pt
* \topskip=12.0pt
* \footskip=30.0pt
* \marginparwidth=95.0pt
* \marginparsep=10.0pt
* \columnsep=10.0pt
* \skip\footins=10.8pt plus 4.0pt minus 2.0pt
* \hoffset=0.0pt
* \voffset=0.0pt
* \mag=1000
* \@twocolumnfalse
* \@twosidetrue
* \@mparswitchtrue
* \@reversemarginfalse
* (1in=72.27pt=25.4mm, 1cm=28.453pt)

Package backref Info: ** backref set up for natbib ** on input line 186.
Package hyperref Info: Link coloring ON on input line 186.
(./refman.out) (./refman.out)
\@outlinefile=\write5
\openout5 = `refman.out'.

Package caption Info: Begin \AtBeginDocument code.
Package caption Info: End \AtBeginDocument code.
\Etoc@tf=\read5
Package hyperref Info: Option `pageanchor' set `false' on input line 194.
Package hyperref Info: Option `bookmarksnumbered' set `true' on input line 194.

Package hyperref Info: Option `unicode' set `true' on input line 194.
LaTeX Font Info:    Font shape `T1/phv/m/n' will be
(Font)              scaled to size 15.55188pt on input line 199.
LaTeX Font Info:    Font shape `T1/phv/m/n' will be
(Font)              scaled to size 7.19995pt on input line 199.
LaTeX Font Info:    Trying to load font information for OT1+minntx on input lin
e 199.

(/usr/share/texlive/texmf-dist/tex/latex/newtx/ot1minntx.fd
File: ot1minntx.fd 2023/09/09 v1.1 font definition file for OT1/minntx
)
LaTeX Font Info:    Trying to load font information for U+msa on input line 199
.

(/usr/share/texlive/texmf-dist/tex/latex/amsfonts/umsa.fd
File: umsa.fd 2013/01/14 v3.01 AMS symbols A
)
LaTeX Font Info:    Trying to load font information for U+msb on input line 199
.

(/usr/share/texlive/texmf-dist/tex/latex/amsfonts/umsb.fd
File: umsb.fd 2013/01/14 v3.01 AMS symbols B
)
LaTeX Font Info:    Trying to load font information for U+wasy on input line 19
9.

(/usr/share/texlive/texmf-dist/tex/latex/wasysym/uwasy.fd
File: uwasy.fd 2020/01/19 v2.4 Wasy-2 symbol font definitions
)

LaTeX Font Warning: Font shape `U/wasy/m/n' in size <5.5> not available
(Font)              size <5> substituted on input line 199.

LaTeX Font Info:    Trying to load font information for U+ntxmia on input line 
199.
(/usr/share/texlive/texmf-dist/tex/latex/newtx/untxmia.fd
File: untxmia.fd 2018/04/14 Fontinst v1.933 font definitions for U/ntxmia.
)
LaTeX Font Info:    Trying to load font information for U+ntxsym on input line 
199.

(/usr/share/texlive/texmf-dist/tex/latex/newtx/untxsym.fd
File: untxsym.fd 2023/08/16 Fontinst v1.933 font definitions for U/ntxsym.
)
LaTeX Font Info:    Trying to load font information for U+ntxsyc on input line 
199.

(/usr/share/texlive/texmf-dist/tex/latex/newtx/untxsyc.fd
File: untxsyc.fd 2012/04/12 Fontinst v1.933 font definitions for U/ntxsyc.
)
LaTeX Font Info:    Font shape `T1/phv/m/n' will be
(Font)              scaled to size 12.9599pt on input line 200.
 [1

{/var/lib/texmf/fonts/map/pdftex/updmap/pdftex.map}{/usr/share/texlive/texmf-di
st/fonts/enc/dvips/base/8r.enc}]
\tf@toc=\write6
\openout6 = `refman.toc'.

LaTeX Font Info:    Font shape `T1/phv/b/n' will be
(Font)              scaled to size 10.79993pt on input line 207.
LaTeX Font Info:    Font shape `T1/phv/b/n' will be
(Font)              scaled to size 7.19995pt on input line 207.

Underfull \hbox (badness 10000) in paragraph at lines 207--207
 [][] [][]\T1/phv/m/n/12 5.7 processingmodules.[]Density[]Animation[]Generator.
[]Density[]Animation[]Generator 
 []


Package fancyhdr Warning: \headheight is too small (12.0pt): 
(fancyhdr)                Make it at least 14.49998pt, for example:
(fancyhdr)                \setlength{\headheight}{14.49998pt}.
(fancyhdr)                You might also make \topmargin smaller to compensate:

(fancyhdr)                \addtolength{\topmargin}{-2.49998pt}.

[1]
Underfull \hbox (badness 10000) in paragraph at lines 207--207
 [][] [][]\T1/phv/m/n/12 5.20 processingmodules.[]Mean[]Radial[]Distance[]Plot.
[]Mean[]Radial[]Distance[]Plot Class 
 []


Package fancyhdr Warning: \headheight is too small (12.0pt): 
(fancyhdr)                Make it at least 14.49998pt, for example:
(fancyhdr)                \setlength{\headheight}{14.49998pt}.
(fancyhdr)                You might also make \topmargin smaller to compensate:

(fancyhdr)                \addtolength{\topmargin}{-2.49998pt}.

[2]

Package fancyhdr Warning: \headheight is too small (12.0pt): 
(fancyhdr)                Make it at least 14.49998pt, for example:
(fancyhdr)                \setlength{\headheight}{14.49998pt}.
(fancyhdr)                You might also make \topmargin smaller to compensate:

(fancyhdr)                \addtolength{\topmargin}{-2.49998pt}.

[3]

Package fancyhdr Warning: \headheight is too small (12.0pt): 
(fancyhdr)                Make it at least 14.49998pt, for example:
(fancyhdr)                \setlength{\headheight}{14.49998pt}.
(fancyhdr)                You might also make \topmargin smaller to compensate:

(fancyhdr)                \addtolength{\topmargin}{-2.49998pt}.

[4]
Package hyperref Info: Option `pageanchor' set `true' on input line 209.
 (./index.tex
LaTeX Font Info:    Font shape `T1/phv/b/n' will be
(Font)              scaled to size 15.55188pt on input line 1.


Package fancyhdr Warning: \headheight is too small (12.0pt): 
(fancyhdr)                Make it at least 14.49998pt, for example:
(fancyhdr)                \setlength{\headheight}{14.49998pt}.
(fancyhdr)                You might also make \topmargin smaller to compensate:

(fancyhdr)                \addtolength{\topmargin}{-2.49998pt}.

[1]
LaTeX Font Info:    Trying to load font information for TS1+phv on input line 9
.
 (/usr/share/texlive/texmf-dist/tex/latex/psnfss/ts1phv.fd
File: ts1phv.fd 2020/03/25 scalable font definitions for TS1/phv.
)
LaTeX Font Info:    Font shape `TS1/phv/m/n' will be
(Font)              scaled to size 10.79993pt on input line 9.
LaTeX Font Info:    Trying to load font information for T1+pcr on input line 11
.

(/usr/share/texlive/texmf-dist/tex/latex/psnfss/t1pcr.fd
File: t1pcr.fd 2001/06/04 font definitions for T1/pcr.
)
LaTeX Font Info:    Font shape `T1/phv/b/n' will be
(Font)              scaled to size 12.9599pt on input line 11.


Package fancyhdr Warning: \headheight is too small (12.0pt): 
(fancyhdr)                Make it at least 14.49998pt, for example:
(fancyhdr)                \setlength{\headheight}{14.49998pt}.
(fancyhdr)                You might also make \topmargin smaller to compensate:

(fancyhdr)                \addtolength{\topmargin}{-2.49998pt}.

[2]) (./hierarchy.tex

Package fancyhdr Warning: \headheight is too small (12.0pt): 
(fancyhdr)                Make it at least 14.49998pt, for example:
(fancyhdr)                \setlength{\headheight}{14.49998pt}.
(fancyhdr)                You might also make \topmargin smaller to compensate:

(fancyhdr)                \addtolength{\topmargin}{-2.49998pt}.

[3]

Package fancyhdr Warning: \headheight is too small (12.0pt): 
(fancyhdr)                Make it at least 14.49998pt, for example:
(fancyhdr)                \setlength{\headheight}{14.49998pt}.
(fancyhdr)                You might also make \topmargin smaller to compensate:

(fancyhdr)                \addtolength{\topmargin}{-2.49998pt}.

[4]) (./annotated.tex

Package fancyhdr Warning: \headheight is too small (12.0pt): 
(fancyhdr)                Make it at least 14.49998pt, for example:
(fancyhdr)                \setlength{\headheight}{14.49998pt}.
(fancyhdr)                You might also make \topmargin smaller to compensate:

(fancyhdr)                \addtolength{\topmargin}{-2.49998pt}.

[5]

Package fancyhdr Warning: \headheight is too small (12.0pt): 
(fancyhdr)                Make it at least 14.49998pt, for example:
(fancyhdr)                \setlength{\headheight}{14.49998pt}.
(fancyhdr)                You might also make \topmargin smaller to compensate:

(fancyhdr)                \addtolength{\topmargin}{-2.49998pt}.

[6]) (./files.tex

Package fancyhdr Warning: \headheight is too small (12.0pt): 
(fancyhdr)                Make it at least 14.49998pt, for example:
(fancyhdr)                \setlength{\headheight}{14.49998pt}.
(fancyhdr)                You might also make \topmargin smaller to compensate:

(fancyhdr)                \addtolength{\topmargin}{-2.49998pt}.

[7]

Package fancyhdr Warning: \headheight is too small (12.0pt): 
(fancyhdr)                Make it at least 14.49998pt, for example:
(fancyhdr)                \setlength{\headheight}{14.49998pt}.
(fancyhdr)                You might also make \topmargin smaller to compensate:

(fancyhdr)                \addtolength{\topmargin}{-2.49998pt}.

[8]) (./classprocessingmodules_1_1AnimationGenerator_1_1AnimationGenerator.tex

Package fancyhdr Warning: \headheight is too small (12.0pt): 
(fancyhdr)                Make it at least 14.49998pt, for example:
(fancyhdr)                \setlength{\headheight}{14.49998pt}.
(fancyhdr)                You might also make \topmargin smaller to compensate:

(fancyhdr)                \addtolength{\topmargin}{-2.49998pt}.

[9]
LaTeX Font Info:    Font shape `T1/phv/m/n' will be
(Font)              scaled to size 8.99994pt on input line 80.


Package fancyhdr Warning: \headheight is too small (12.0pt): 
(fancyhdr)                Make it at least 14.49998pt, for example:
(fancyhdr)                \setlength{\headheight}{14.49998pt}.
(fancyhdr)                You might also make \topmargin smaller to compensate:

(fancyhdr)                \addtolength{\topmargin}{-2.49998pt}.

[10]
LaTeX Font Info:    Font shape `T1/pcr/m/it' in size <10> not available
(Font)              Font shape `T1/pcr/m/sl' tried instead on input line 132.
LaTeX Font Info:    Font shape `T1/pcr/m/it' in size <8> not available
(Font)              Font shape `T1/pcr/m/sl' tried instead on input line 132.
) (./structbenchmark__options__t.tex

Package fancyhdr Warning: \headheight is too small (12.0pt): 
(fancyhdr)                Make it at least 14.49998pt, for example:
(fancyhdr)                \setlength{\headheight}{14.49998pt}.
(fancyhdr)                You might also make \topmargin smaller to compensate:

(fancyhdr)                \addtolength{\topmargin}{-2.49998pt}.

[11]) (./structcmdline__args__t.tex) (./structconstant__options__t.tex

Package fancyhdr Warning: \headheight is too small (12.0pt): 
(fancyhdr)                Make it at least 14.49998pt, for example:
(fancyhdr)                \setlength{\headheight}{14.49998pt}.
(fancyhdr)                You might also make \topmargin smaller to compensate:

(fancyhdr)                \addtolength{\topmargin}{-2.49998pt}.

[12])
(./classprocessingmodules_1_1CrossSectionGenerator_1_1CrossSectionGenerator.tex

Underfull \hbox (badness 977) in paragraph at lines 7--9
[][]\T1/phv/b/n/12 _[][]_[]init[]_[][]_[] \T1/phv/m/n/12 (self, $\LMS/ntxsy/m/n
/12 ^^C$\T1/phv/m/n/12 float z[]_[]thickness=0.[]25, float particle[]_[]radius=
30, float orientation[]_[]
 []


Package fancyhdr Warning: \headheight is too small (12.0pt): 
(fancyhdr)                Make it at least 14.49998pt, for example:
(fancyhdr)                \setlength{\headheight}{14.49998pt}.
(fancyhdr)                You might also make \topmargin smaller to compensate:

(fancyhdr)                \addtolength{\topmargin}{-2.49998pt}.

[13]
Underfull \hbox (badness 10000) in paragraph at lines 99--100
\T1/pcr/m/n/10 processingmodules.[]Cross[]Section[]Generator.[]Cross[]Section[]
Generator.[]append[]_[]state
 []


Package fancyhdr Warning: \headheight is too small (12.0pt): 
(fancyhdr)                Make it at least 14.49998pt, for example:
(fancyhdr)                \setlength{\headheight}{14.49998pt}.
(fancyhdr)                You might also make \topmargin smaller to compensate:

(fancyhdr)                \addtolength{\topmargin}{-2.49998pt}.

[14]

Package fancyhdr Warning: \headheight is too small (12.0pt): 
(fancyhdr)                Make it at least 26.72856pt, for example:
(fancyhdr)                \setlength{\headheight}{26.72856pt}.
(fancyhdr)                You might also make \topmargin smaller to compensate:

(fancyhdr)                \addtolength{\topmargin}{-14.72856pt}.

[15]) (./structdatastream__t.tex)
(./classprocessingmodules_1_1DensityAnimationGenerator_1_1DensityAnimationGener
ator.tex

Package fancyhdr Warning: \headheight is too small (12.0pt): 
(fancyhdr)                Make it at least 14.49998pt, for example:
(fancyhdr)                \setlength{\headheight}{14.49998pt}.
(fancyhdr)                You might also make \topmargin smaller to compensate:

(fancyhdr)                \addtolength{\topmargin}{-2.49998pt}.

[16]

Package fancyhdr Warning: \headheight is too small (12.0pt): 
(fancyhdr)                Make it at least 26.72856pt, for example:
(fancyhdr)                \setlength{\headheight}{26.72856pt}.
(fancyhdr)                You might also make \topmargin smaller to compensate:

(fancyhdr)                \addtolength{\topmargin}{-14.72856pt}.

[17]

Package fancyhdr Warning: \headheight is too small (12.0pt): 
(fancyhdr)                Make it at least 14.49998pt, for example:
(fancyhdr)                \setlength{\headheight}{14.49998pt}.
(fancyhdr)                You might also make \topmargin smaller to compensate:

(fancyhdr)                \addtolength{\topmargin}{-2.49998pt}.

[18]) (./structderivative__computation__opts__t.tex

Package fancyhdr Warning: \headheight is too small (12.0pt): 
(fancyhdr)                Make it at least 14.49998pt, for example:
(fancyhdr)                \setlength{\headheight}{14.49998pt}.
(fancyhdr)                You might also make \topmargin smaller to compensate:

(fancyhdr)                \addtolength{\topmargin}{-2.49998pt}.

[19]) (./structderivative__weight__t.tex) (./structdistribution__options__t.tex

Package fancyhdr Warning: \headheight is too small (12.0pt): 
(fancyhdr)                Make it at least 14.49998pt, for example:
(fancyhdr)                \setlength{\headheight}{14.49998pt}.
(fancyhdr)                You might also make \topmargin smaller to compensate:

(fancyhdr)                \addtolength{\topmargin}{-2.49998pt}.

[20]) (./uniondouble__3d__t.tex) (./structfeature__positions__t.tex

Package fancyhdr Warning: \headheight is too small (12.0pt): 
(fancyhdr)                Make it at least 14.49998pt, for example:
(fancyhdr)                \setlength{\headheight}{14.49998pt}.
(fancyhdr)                You might also make \topmargin smaller to compensate:

(fancyhdr)                \addtolength{\topmargin}{-2.49998pt}.

[21]) (./structfeature__velocity__t.tex) (./structfinds__opts__t.tex

Package fancyhdr Warning: \headheight is too small (12.0pt): 
(fancyhdr)                Make it at least 14.49998pt, for example:
(fancyhdr)                \setlength{\headheight}{14.49998pt}.
(fancyhdr)                You might also make \topmargin smaller to compensate:

(fancyhdr)                \addtolength{\topmargin}{-2.49998pt}.

[22]) (./structfish__system__t.tex) (./structintegration__opts__t.tex

Package fancyhdr Warning: \headheight is too small (12.0pt): 
(fancyhdr)                Make it at least 14.49998pt, for example:
(fancyhdr)                \setlength{\headheight}{14.49998pt}.
(fancyhdr)                You might also make \topmargin smaller to compensate:

(fancyhdr)                \addtolength{\topmargin}{-2.49998pt}.

[23]) (./structlinear__octree__builder__t.tex

Package fancyhdr Warning: \headheight is too small (12.0pt): 
(fancyhdr)                Make it at least 14.49998pt, for example:
(fancyhdr)                \setlength{\headheight}{14.49998pt}.
(fancyhdr)                You might also make \topmargin smaller to compensate:

(fancyhdr)                \addtolength{\topmargin}{-2.49998pt}.

[24]) (./structlinear__octree__t.tex) (./structmat3__t.tex

Package fancyhdr Warning: \headheight is too small (12.0pt): 
(fancyhdr)                Make it at least 14.49998pt, for example:
(fancyhdr)                \setlength{\headheight}{14.49998pt}.
(fancyhdr)                You might also make \topmargin smaller to compensate:

(fancyhdr)                \addtolength{\topmargin}{-2.49998pt}.

[25])
(./classprocessingmodules_1_1MeanRadialDistancePlot_1_1MeanRadialDistancePlot.t
ex

Package fancyhdr Warning: \headheight is too small (12.0pt): 
(fancyhdr)                Make it at least 14.49998pt, for example:
(fancyhdr)                \setlength{\headheight}{14.49998pt}.
(fancyhdr)                You might also make \topmargin smaller to compensate:

(fancyhdr)                \addtolength{\topmargin}{-2.49998pt}.

[26]

Package fancyhdr Warning: \headheight is too small (12.0pt): 
(fancyhdr)                Make it at least 26.72856pt, for example:
(fancyhdr)                \setlength{\headheight}{26.72856pt}.
(fancyhdr)                You might also make \topmargin smaller to compensate:

(fancyhdr)                \addtolength{\topmargin}{-14.72856pt}.

[27]
Underfull \hbox (badness 10000) in paragraph at lines 91--92
\T1/pcr/m/n/10 None processingmodules.[]Mean[]Radial[]Distance[]Plot.[]Mean[]Ra
dial[]Distance[]Plot.[]begin
 []

) (./structmorton__key__t.tex

Package fancyhdr Warning: \headheight is too small (12.0pt): 
(fancyhdr)                Make it at least 14.49998pt, for example:
(fancyhdr)                \setlength{\headheight}{14.49998pt}.
(fancyhdr)                You might also make \topmargin smaller to compensate:

(fancyhdr)                \addtolength{\topmargin}{-2.49998pt}.

[28]) (./structnamed__enum__t.tex) (./structorientation__options__t.tex

Package fancyhdr Warning: \headheight is too small (12.0pt): 
(fancyhdr)                Make it at least 14.49998pt, for example:
(fancyhdr)                \setlength{\headheight}{14.49998pt}.
(fancyhdr)                You might also make \topmargin smaller to compensate:

(fancyhdr)                \addtolength{\topmargin}{-2.49998pt}.

[29]) (./classprocessingmodules_1_1ProcessingModule_1_1ProcessingModule.tex

Package fancyhdr Warning: \headheight is too small (12.0pt): 
(fancyhdr)                Make it at least 14.49998pt, for example:
(fancyhdr)                \setlength{\headheight}{14.49998pt}.
(fancyhdr)                You might also make \topmargin smaller to compensate:

(fancyhdr)                \addtolength{\topmargin}{-2.49998pt}.

[30]
Overfull \hbox (256.97267pt too wide) in paragraph at lines 51--52
[]\T1/phv/m/n/12 Reimplemented in [], [],
 []


Overfull \hbox (251.94019pt too wide) in paragraph at lines 51--52
[]\T1/phv/m/n/12 , [],
 []


Overfull \hbox (90.05074pt too wide) in paragraph at lines 51--52
[]\T1/phv/m/n/12 , and []. 
 []


Overfull \hbox (256.97267pt too wide) in paragraph at lines 70--71
[]\T1/phv/m/n/12 Reimplemented in [], [],
 []


Overfull \hbox (251.94019pt too wide) in paragraph at lines 70--71
[]\T1/phv/m/n/12 , [],
 []


Overfull \hbox (90.05074pt too wide) in paragraph at lines 70--71
[]\T1/phv/m/n/12 , and []. 
 []


Package fancyhdr Warning: \headheight is too small (12.0pt): 
(fancyhdr)                Make it at least 14.49998pt, for example:
(fancyhdr)                \setlength{\headheight}{14.49998pt}.
(fancyhdr)                You might also make \topmargin smaller to compensate:

(fancyhdr)                \addtolength{\topmargin}{-2.49998pt}.

[31]) (./classprocessingmodules_1_1SnapshotGenerator_1_1SnapshotGenerator.tex
Underfull \hbox (badness 2809) in paragraph at lines 7--9
[][]\T1/phv/b/n/12 _[][]_[]init[]_[][]_[] \T1/phv/m/n/12 (self, $\LMS/ntxsy/m/n
/12 ^^C$\T1/phv/m/n/12 str output[]_[]filename="snapshot", str output[]_[]filen
ame[]_[]ending="png",
 []


Underfull \hbox (badness 1158) in paragraph at lines 7--9
\T1/phv/m/n/12 Array[]Like max[]_[]bounds=[]100, 100, 100[], int particle[]_[]r
adius=30, float orientation[]_[]
 []


Package fancyhdr Warning: \headheight is too small (12.0pt): 
(fancyhdr)                Make it at least 14.49998pt, for example:
(fancyhdr)                \setlength{\headheight}{14.49998pt}.
(fancyhdr)                You might also make \topmargin smaller to compensate:

(fancyhdr)                \addtolength{\topmargin}{-2.49998pt}.

[32]

Package fancyhdr Warning: \headheight is too small (12.0pt): 
(fancyhdr)                Make it at least 14.49998pt, for example:
(fancyhdr)                \setlength{\headheight}{14.49998pt}.
(fancyhdr)                You might also make \topmargin smaller to compensate:

(fancyhdr)                \addtolength{\topmargin}{-2.49998pt}.

[33]) (./structswimmer__features__t.tex) (./structswimmer__t.tex

Package fancyhdr Warning: \headheight is too small (12.0pt): 
(fancyhdr)                Make it at least 14.49998pt, for example:
(fancyhdr)                \setlength{\headheight}{14.49998pt}.
(fancyhdr)                You might also make \topmargin smaller to compensate:

(fancyhdr)                \addtolength{\topmargin}{-2.49998pt}.

[34]) (./structsystem__derivative__t.tex) (./structsystem__trajectory__t.tex

Package fancyhdr Warning: \headheight is too small (12.0pt): 
(fancyhdr)                Make it at least 14.49998pt, for example:
(fancyhdr)                \setlength{\headheight}{14.49998pt}.
(fancyhdr)                You might also make \topmargin smaller to compensate:

(fancyhdr)                \addtolength{\topmargin}{-2.49998pt}.

[35]) (./classprocessingmodules_1_1TrajectoryPlot_1_1TrajectoryPlot.tex

Package fancyhdr Warning: \headheight is too small (12.0pt): 
(fancyhdr)                Make it at least 14.49998pt, for example:
(fancyhdr)                \setlength{\headheight}{14.49998pt}.
(fancyhdr)                You might also make \topmargin smaller to compensate:

(fancyhdr)                \addtolength{\topmargin}{-2.49998pt}.

[36]

Package fancyhdr Warning: \headheight is too small (12.0pt): 
(fancyhdr)                Make it at least 14.49998pt, for example:
(fancyhdr)                \setlength{\headheight}{14.49998pt}.
(fancyhdr)                You might also make \topmargin smaller to compensate:

(fancyhdr)                \addtolength{\topmargin}{-2.49998pt}.

[37]) (./barneshut_8h.tex
Underfull \hbox (badness 10000) in paragraph at lines 8--12

 []


Package fancyhdr Warning: \headheight is too small (12.0pt): 
(fancyhdr)                Make it at least 14.49998pt, for example:
(fancyhdr)                \setlength{\headheight}{14.49998pt}.
(fancyhdr)                You might also make \topmargin smaller to compensate:

(fancyhdr)                \addtolength{\topmargin}{-2.49998pt}.

[38]
LaTeX Font Info:    Font shape `T1/phv/m/n' will be
(Font)              scaled to size 9.85492pt on input line 16.
LaTeX Font Info:    Font shape `T1/phv/m/it' in size <10.95> not available
(Font)              Font shape `T1/phv/m/sl' tried instead on input line 16.
LaTeX Font Info:    Font shape `T1/phv/m/sl' will be
(Font)              scaled to size 9.85492pt on input line 16.

Underfull \hbox (badness 1406) in paragraph at lines 40--41
\T1/phv/m/n/12 _[]t swimmer[]_[]i[]_[]index, const [] swimmer[]_[]i[]_[]pos, co
nst []
 []


Underfull \hbox (badness 936) in paragraph at lines 40--41
\T1/phv/m/n/12 features[]_[]i, const dou-ble approx[]_[]ratio, const bool reg-u
-lar-ize, const dou-ble ep-silon,
 []


Package fancyhdr Warning: \headheight is too small (12.0pt): 
(fancyhdr)                Make it at least 14.49998pt, for example:
(fancyhdr)                \setlength{\headheight}{14.49998pt}.
(fancyhdr)                You might also make \topmargin smaller to compensate:

(fancyhdr)                \addtolength{\topmargin}{-2.49998pt}.

[39]
LaTeX Font Info:    Font shape `T1/phv/bc/n' will be
(Font)              scaled to size 10.79993pt on input line 49.

Underfull \hbox (badness 10000) detected at line 49
[][][]
 []


Underfull \hbox (badness 10000) detected at line 70
[][][]
 []


Package fancyhdr Warning: \headheight is too small (12.0pt): 
(fancyhdr)                Make it at least 14.49998pt, for example:
(fancyhdr)                \setlength{\headheight}{14.49998pt}.
(fancyhdr)                You might also make \topmargin smaller to compensate:

(fancyhdr)                \addtolength{\topmargin}{-2.49998pt}.

[40]
Underfull \hbox (badness 10000) detected at line 90
[][][]
 []


Package fancyhdr Warning: \headheight is too small (12.0pt): 
(fancyhdr)                Make it at least 14.49998pt, for example:
(fancyhdr)                \setlength{\headheight}{14.49998pt}.
(fancyhdr)                You might also make \topmargin smaller to compensate:

(fancyhdr)                \addtolength{\topmargin}{-2.49998pt}.

[41]) (./constants_8h.tex
Underfull \hbox (badness 10000) detected at line 31
[][][]
 []

) (./datastream_8h.tex
Underfull \hbox (badness 10000) in paragraph at lines 8--12

 []


Package fancyhdr Warning: \headheight is too small (12.0pt): 
(fancyhdr)                Make it at least 14.49998pt, for example:
(fancyhdr)                \setlength{\headheight}{14.49998pt}.
(fancyhdr)                You might also make \topmargin smaller to compensate:

(fancyhdr)                \addtolength{\topmargin}{-2.49998pt}.

[42]
Underfull \hbox (badness 10000) detected at line 40
[][][]
 []


Package fancyhdr Warning: \headheight is too small (12.0pt): 
(fancyhdr)                Make it at least 14.49998pt, for example:
(fancyhdr)                \setlength{\headheight}{14.49998pt}.
(fancyhdr)                You might also make \topmargin smaller to compensate:

(fancyhdr)                \addtolength{\topmargin}{-2.49998pt}.

[43]
Underfull \hbox (badness 10000) detected at line 61
[][][]
 []


Underfull \hbox (badness 10000) detected at line 83
[][][]
 []


Package fancyhdr Warning: \headheight is too small (12.0pt): 
(fancyhdr)                Make it at least 14.49998pt, for example:
(fancyhdr)                \setlength{\headheight}{14.49998pt}.
(fancyhdr)                You might also make \topmargin smaller to compensate:

(fancyhdr)                \addtolength{\topmargin}{-2.49998pt}.

[44]

Package fancyhdr Warning: \headheight is too small (12.0pt): 
(fancyhdr)                Make it at least 14.49998pt, for example:
(fancyhdr)                \setlength{\headheight}{14.49998pt}.
(fancyhdr)                You might also make \topmargin smaller to compensate:

(fancyhdr)                \addtolength{\topmargin}{-2.49998pt}.

[45]
Underfull \hbox (badness 10000) detected at line 103
[][][]
 []


Underfull \hbox (badness 10000) detected at line 125
[][][]
 []


Package fancyhdr Warning: \headheight is too small (12.0pt): 
(fancyhdr)                Make it at least 14.49998pt, for example:
(fancyhdr)                \setlength{\headheight}{14.49998pt}.
(fancyhdr)                You might also make \topmargin smaller to compensate:

(fancyhdr)                \addtolength{\topmargin}{-2.49998pt}.

[46]
Underfull \hbox (badness 10000) detected at line 147
[][][]
 []

) (./derivative_8h.tex
Underfull \hbox (badness 10000) in paragraph at lines 8--13

 []


Package fancyhdr Warning: \headheight is too small (12.0pt): 
(fancyhdr)                Make it at least 14.49998pt, for example:
(fancyhdr)                \setlength{\headheight}{14.49998pt}.
(fancyhdr)                You might also make \topmargin smaller to compensate:

(fancyhdr)                \addtolength{\topmargin}{-2.49998pt}.

[47]
Underfull \hbox (badness 10000) detected at line 58
[][][]
 []


Package fancyhdr Warning: \headheight is too small (12.0pt): 
(fancyhdr)                Make it at least 14.49998pt, for example:
(fancyhdr)                \setlength{\headheight}{14.49998pt}.
(fancyhdr)                You might also make \topmargin smaller to compensate:

(fancyhdr)                \addtolength{\topmargin}{-2.49998pt}.

[48]
Underfull \hbox (badness 10000) detected at line 98
[][][]
 []


Package fancyhdr Warning: \headheight is too small (12.0pt): 
(fancyhdr)                Make it at least 14.49998pt, for example:
(fancyhdr)                \setlength{\headheight}{14.49998pt}.
(fancyhdr)                You might also make \topmargin smaller to compensate:

(fancyhdr)                \addtolength{\topmargin}{-2.49998pt}.

[49]
Underfull \hbox (badness 10000) detected at line 131
[][][]
 []

) (./error_8h.tex
Underfull \hbox (badness 10000) in paragraph at lines 8--9

 []


Package fancyhdr Warning: \headheight is too small (12.0pt): 
(fancyhdr)                Make it at least 14.49998pt, for example:
(fancyhdr)                \setlength{\headheight}{14.49998pt}.
(fancyhdr)                You might also make \topmargin smaller to compensate:

(fancyhdr)                \addtolength{\topmargin}{-2.49998pt}.

[50]
Underfull \hbox (badness 10000) detected at line 51
[][][]
 []


Package fancyhdr Warning: \headheight is too small (12.0pt): 
(fancyhdr)                Make it at least 14.49998pt, for example:
(fancyhdr)                \setlength{\headheight}{14.49998pt}.
(fancyhdr)                You might also make \topmargin smaller to compensate:

(fancyhdr)                \addtolength{\topmargin}{-2.49998pt}.

[51]) (./evaluation_8h.tex
Overfull \hbox (67.47144pt too wide) in paragraph at lines 11--12
[]\T1/phv/m/n/12 double [] (const [] $\LMS/ntxsy/m/n/12 ^^C$\T1/phv/m/n/12 syst
em, const []
 []


Package fancyhdr Warning: \headheight is too small (12.0pt): 
(fancyhdr)                Make it at least 14.49998pt, for example:
(fancyhdr)                \setlength{\headheight}{14.49998pt}.
(fancyhdr)                You might also make \topmargin smaller to compensate:

(fancyhdr)                \addtolength{\topmargin}{-2.49998pt}.

[52]
Underfull \hbox (badness 10000) detected at line 18
[][][]
 []


Underfull \hbox (badness 10000) detected at line 41
[][][]
 []

) (./finds_8h.tex) (./integration_8h.tex
Underfull \hbox (badness 10000) in paragraph at lines 3--1

 []


Package fancyhdr Warning: \headheight is too small (12.0pt): 
(fancyhdr)                Make it at least 14.49998pt, for example:
(fancyhdr)                \setlength{\headheight}{14.49998pt}.
(fancyhdr)                You might also make \topmargin smaller to compensate:

(fancyhdr)                \addtolength{\topmargin}{-2.49998pt}.

[53]
Underfull \hbox (badness 10000) in paragraph at lines 8--11

 []


Package fancyhdr Warning: \headheight is too small (12.0pt): 
(fancyhdr)                Make it at least 14.49998pt, for example:
(fancyhdr)                \setlength{\headheight}{14.49998pt}.
(fancyhdr)                You might also make \topmargin smaller to compensate:

(fancyhdr)                \addtolength{\topmargin}{-2.49998pt}.

[54]
Underfull \hbox (badness 10000) detected at line 79
[][][]
 []


Underfull \hbox (badness 10000) in paragraph at lines 112--113
\T1/pcr/m/n/10 const [] INTEGRATION[]_[][]METHODS[]_[][]TABLE[]INTEGRATION[]_[]
[]METHODS[]_[][]COUNT[]
 []

) (./interaction_8h.tex

Package fancyhdr Warning: \headheight is too small (12.0pt): 
(fancyhdr)                Make it at least 14.49998pt, for example:
(fancyhdr)                \setlength{\headheight}{14.49998pt}.
(fancyhdr)                You might also make \topmargin smaller to compensate:

(fancyhdr)                \addtolength{\topmargin}{-2.49998pt}.

[55]
Underfull \hbox (badness 10000) in paragraph at lines 8--13

 []


Underfull \hbox (badness 10000) in paragraph at lines 17--18
[]\T1/phv/m/n/12 typedef []($\LMS/ntxsy/m/n/12 ^^C$ \T1/phv/b/n/12 interaction[
]_[]fn[]_[]t\T1/phv/m/n/12 ) (const [] feat[]_[]a[]_[]pos, const
 []


Underfull \hbox (badness 10000) detected at line 24
[][][]
 []

) (./simulation_8h.tex
Underfull \hbox (badness 10000) in paragraph at lines 8--11

 []


Overfull \hbox (44.31659pt too wide) in paragraph at lines 14--15
[][] [] \T1/phv/m/n/12 (const [] $\LMS/ntxsy/m/n/12 ^^C$\T1/phv/m/n/12 initial[
]_[]state, const []
 []


Package fancyhdr Warning: \headheight is too small (12.0pt): 
(fancyhdr)                Make it at least 14.49998pt, for example:
(fancyhdr)                \setlength{\headheight}{14.49998pt}.
(fancyhdr)                You might also make \topmargin smaller to compensate:

(fancyhdr)                \addtolength{\topmargin}{-2.49998pt}.

[56]
Underfull \hbox (badness 10000) detected at line 23
[][][]
 []


Overfull \vbox (111.33548pt too high) has occurred while \output is active []



Package fancyhdr Warning: \headheight is too small (12.0pt): 
(fancyhdr)                Make it at least 14.49998pt, for example:
(fancyhdr)                \setlength{\headheight}{14.49998pt}.
(fancyhdr)                You might also make \topmargin smaller to compensate:

(fancyhdr)                \addtolength{\topmargin}{-2.49998pt}.

[57]
Underfull \hbox (badness 10000) detected at line 60
[][][]
 []

) (./system_8h.tex
Underfull \hbox (badness 10000) in paragraph at lines 8--14

 []


Overfull \hbox (35.05557pt too wide) in paragraph at lines 35--43
\T1/phv/b/n/12 DISTRIBUTION[]_[][]CUBE \T1/phv/m/n/12 , \T1/phv/b/n/12 DISTRIBU
TION[]_[][]SPHERE \T1/phv/m/n/12 , \T1/phv/b/n/12 DISTRIBUTION[]_[][]BALL \T1/p
hv/m/n/12 , \T1/phv/b/n/12 DISTRIBUTION[]
 []


Underfull \hbox (badness 3482) in paragraph at lines 45--56
\T1/phv/b/n/12 ORIENTATION[]_[][]RANDOM \T1/phv/m/n/12 , \T1/phv/b/n/12 ORIENTA
TION[]_[][]RADIAL[]_[][]INWARD \T1/phv/m/n/12 , \T1/phv/b/n/12 ORIENTATION[]_[]
[]
 []


Underfull \hbox (badness 2735) in paragraph at lines 45--56
\T1/phv/b/n/12 ORIENTATION[]_[][]SWIRL[]_[][]OUTWARD \T1/phv/m/n/12 , \T1/phv/b
/n/12 ORIENTATION[]_[][]SADDLE \T1/phv/m/n/12 , \T1/phv/b/n/12 ORIENTATION[]_[]
[]
 []


Underfull \hbox (badness 1454) in paragraph at lines 60--61
[][] $\LMS/ntxsy/m/n/12 ^^C$ [] \T1/phv/m/n/12 (const [] dist[]_[]opts, const
 []


Package fancyhdr Warning: \headheight is too small (12.0pt): 
(fancyhdr)                Make it at least 14.49998pt, for example:
(fancyhdr)                \setlength{\headheight}{14.49998pt}.
(fancyhdr)                You might also make \topmargin smaller to compensate:

(fancyhdr)                \addtolength{\topmargin}{-2.49998pt}.

[58]

Package fancyhdr Warning: \headheight is too small (12.0pt): 
(fancyhdr)                Make it at least 14.49998pt, for example:
(fancyhdr)                \setlength{\headheight}{14.49998pt}.
(fancyhdr)                You might also make \topmargin smaller to compensate:

(fancyhdr)                \addtolength{\topmargin}{-2.49998pt}.

[59]
Underfull \hbox (badness 10000) detected at line 114
[][][]
 []


Package fancyhdr Warning: \headheight is too small (12.0pt): 
(fancyhdr)                Make it at least 14.49998pt, for example:
(fancyhdr)                \setlength{\headheight}{14.49998pt}.
(fancyhdr)                You might also make \topmargin smaller to compensate:

(fancyhdr)                \addtolength{\topmargin}{-2.49998pt}.

[60]
Underfull \hbox (badness 10000) detected at line 139
[][][]
 []


Package fancyhdr Warning: \headheight is too small (12.0pt): 
(fancyhdr)                Make it at least 14.49998pt, for example:
(fancyhdr)                \setlength{\headheight}{14.49998pt}.
(fancyhdr)                You might also make \topmargin smaller to compensate:

(fancyhdr)                \addtolength{\topmargin}{-2.49998pt}.

[61]
Underfull \hbox (badness 10000) detected at line 225
[][][]
 []


Package fancyhdr Warning: \headheight is too small (12.0pt): 
(fancyhdr)                Make it at least 14.49998pt, for example:
(fancyhdr)                \setlength{\headheight}{14.49998pt}.
(fancyhdr)                You might also make \topmargin smaller to compensate:

(fancyhdr)                \addtolength{\topmargin}{-2.49998pt}.

[62]
Underfull \hbox (badness 10000) detected at line 245
[][][]
 []


Underfull \hbox (badness 10000) detected at line 265
[][][]
 []


Overfull \vbox (4.3932pt too high) has occurred while \output is active []



Package fancyhdr Warning: \headheight is too small (12.0pt): 
(fancyhdr)                Make it at least 14.49998pt, for example:
(fancyhdr)                \setlength{\headheight}{14.49998pt}.
(fancyhdr)                You might also make \topmargin smaller to compensate:

(fancyhdr)                \addtolength{\topmargin}{-2.49998pt}.

[63]
Underfull \hbox (badness 10000) detected at line 283
[][][]
 []


Underfull \hbox (badness 10000) detected at line 318
[][][]
 []


Package fancyhdr Warning: \headheight is too small (12.0pt): 
(fancyhdr)                Make it at least 14.49998pt, for example:
(fancyhdr)                \setlength{\headheight}{14.49998pt}.
(fancyhdr)                You might also make \topmargin smaller to compensate:

(fancyhdr)                \addtolength{\topmargin}{-2.49998pt}.

[64]
Underfull \hbox (badness 10000) detected at line 342
[][][]
 []


Underfull \hbox (badness 10000) detected at line 375
[][][]
 []


Package fancyhdr Warning: \headheight is too small (12.0pt): 
(fancyhdr)                Make it at least 14.49998pt, for example:
(fancyhdr)                \setlength{\headheight}{14.49998pt}.
(fancyhdr)                You might also make \topmargin smaller to compensate:

(fancyhdr)                \addtolength{\topmargin}{-2.49998pt}.

[65]
Underfull \hbox (badness 10000) detected at line 400
[][][]
 []


Package fancyhdr Warning: \headheight is too small (12.0pt): 
(fancyhdr)                Make it at least 14.49998pt, for example:
(fancyhdr)                \setlength{\headheight}{14.49998pt}.
(fancyhdr)                You might also make \topmargin smaller to compensate:

(fancyhdr)                \addtolength{\topmargin}{-2.49998pt}.

[66{/usr/share/texlive/texmf-dist/fonts/enc/dvips/newtx/ntx-ot1-tlf.enc}])
(./util_8h.tex

Package fancyhdr Warning: \headheight is too small (12.0pt): 
(fancyhdr)                Make it at least 14.49998pt, for example:
(fancyhdr)                \setlength{\headheight}{14.49998pt}.
(fancyhdr)                You might also make \topmargin smaller to compensate:

(fancyhdr)                \addtolength{\topmargin}{-2.49998pt}.

[67]
Underfull \hbox (badness 10000) in paragraph at lines 8--11

 []


Underfull \hbox (badness 10000) detected at line 47
[][][]
 []


Package fancyhdr Warning: \headheight is too small (12.0pt): 
(fancyhdr)                Make it at least 14.49998pt, for example:
(fancyhdr)                \setlength{\headheight}{14.49998pt}.
(fancyhdr)                You might also make \topmargin smaller to compensate:

(fancyhdr)                \addtolength{\topmargin}{-2.49998pt}.

[68]
Underfull \hbox (badness 10000) detected at line 78
[][][]
 []

) (./vector_8h.tex
Underfull \hbox (badness 10000) in paragraph at lines 8--13

 []


Package fancyhdr Warning: \headheight is too small (12.0pt): 
(fancyhdr)                Make it at least 14.49998pt, for example:
(fancyhdr)                \setlength{\headheight}{14.49998pt}.
(fancyhdr)                You might also make \topmargin smaller to compensate:

(fancyhdr)                \addtolength{\topmargin}{-2.49998pt}.

[69]
Underfull \hbox (badness 10000) detected at line 44
[][][]
 []


Package fancyhdr Warning: \headheight is too small (12.0pt): 
(fancyhdr)                Make it at least 14.49998pt, for example:
(fancyhdr)                \setlength{\headheight}{14.49998pt}.
(fancyhdr)                You might also make \topmargin smaller to compensate:

(fancyhdr)                \addtolength{\topmargin}{-2.49998pt}.

[70]) (./benchmark_8c.tex
Underfull \hbox (badness 10000) in paragraph at lines 8--19

 []


Package fancyhdr Warning: \headheight is too small (12.0pt): 
(fancyhdr)                Make it at least 14.49998pt, for example:
(fancyhdr)                \setlength{\headheight}{14.49998pt}.
(fancyhdr)                You might also make \topmargin smaller to compensate:

(fancyhdr)                \addtolength{\topmargin}{-2.49998pt}.

[71]
Underfull \hbox (badness 10000) detected at line 74
[][][]
 []

) (./benchmark__derivative_8c.tex
Underfull \hbox (badness 10000) in paragraph at lines 8--16

 []


Package fancyhdr Warning: \headheight is too small (12.0pt): 
(fancyhdr)                Make it at least 14.49998pt, for example:
(fancyhdr)                \setlength{\headheight}{14.49998pt}.
(fancyhdr)                You might also make \topmargin smaller to compensate:

(fancyhdr)                \addtolength{\topmargin}{-2.49998pt}.

[72]
Underfull \hbox (badness 10000) detected at line 55
[][][]
 []

) (./linker__test_8c.tex
Underfull \hbox (badness 10000) in paragraph at lines 8--31

 []


Package fancyhdr Warning: \headheight is too small (12.0pt): 
(fancyhdr)                Make it at least 14.49998pt, for example:
(fancyhdr)                \setlength{\headheight}{14.49998pt}.
(fancyhdr)                You might also make \topmargin smaller to compensate:

(fancyhdr)                \addtolength{\topmargin}{-2.49998pt}.

[73]
Underfull \hbox (badness 10000) detected at line 42
[][][]
 []

) (./simulate_8c.tex
Underfull \hbox (badness 10000) in paragraph at lines 8--21

 []


Package fancyhdr Warning: \headheight is too small (12.0pt): 
(fancyhdr)                Make it at least 14.49998pt, for example:
(fancyhdr)                \setlength{\headheight}{14.49998pt}.
(fancyhdr)                You might also make \topmargin smaller to compensate:

(fancyhdr)                \addtolength{\topmargin}{-2.49998pt}.

[74]
Underfull \hbox (badness 10000) detected at line 58
[][][]
 []


Package fancyhdr Warning: \headheight is too small (12.0pt): 
(fancyhdr)                Make it at least 14.49998pt, for example:
(fancyhdr)                \setlength{\headheight}{14.49998pt}.
(fancyhdr)                You might also make \topmargin smaller to compensate:

(fancyhdr)                \addtolength{\topmargin}{-2.49998pt}.

[75]) (./validation_8c.tex
Underfull \hbox (badness 10000) in paragraph at lines 8--19

 []


Underfull \hbox (badness 10000) in paragraph at lines 31--33
[]\T1/phv/m/n/12 #define \T1/phv/b/n/12 TEMP[]_[][]OUTPUT[]_[][]FILE \T1/phv/m/
n/12 VALIDATION[]_[][]OUTPUT[]_[][]FOLDER "/validation-circle-
 []


Package fancyhdr Warning: \headheight is too small (12.0pt): 
(fancyhdr)                Make it at least 14.49998pt, for example:
(fancyhdr)                \setlength{\headheight}{14.49998pt}.
(fancyhdr)                You might also make \topmargin smaller to compensate:

(fancyhdr)                \addtolength{\topmargin}{-2.49998pt}.

[76]
Underfull \hbox (badness 10000) detected at line 87
[][][]
 []


Package fancyhdr Warning: \headheight is too small (12.0pt): 
(fancyhdr)                Make it at least 14.49998pt, for example:
(fancyhdr)                \setlength{\headheight}{14.49998pt}.
(fancyhdr)                You might also make \topmargin smaller to compensate:

(fancyhdr)                \addtolength{\topmargin}{-2.49998pt}.

[77]) (./barneshut_8c.tex
Underfull \hbox (badness 10000) in paragraph at lines 8--15

 []


Package fancyhdr Warning: \headheight is too small (12.0pt): 
(fancyhdr)                Make it at least 14.49998pt, for example:
(fancyhdr)                \setlength{\headheight}{14.49998pt}.
(fancyhdr)                You might also make \topmargin smaller to compensate:

(fancyhdr)                \addtolength{\topmargin}{-2.49998pt}.

[78]
Underfull \hbox (badness 1406) in paragraph at lines 44--45
\T1/phv/m/n/12 _[]t swimmer[]_[]i[]_[]index, const [] swimmer[]_[]i[]_[]pos, co
nst []
 []


Underfull \hbox (badness 2913) in paragraph at lines 44--45
\T1/phv/m/n/12 features[]_[]i, const dou-ble approx[]_[]ratio, const bool reg-u
-lar-ize, const dou-ble eps,
 []


Underfull \hbox (badness 10000) detected at line 53
[][][]
 []


Package fancyhdr Warning: \headheight is too small (12.0pt): 
(fancyhdr)                Make it at least 14.49998pt, for example:
(fancyhdr)                \setlength{\headheight}{14.49998pt}.
(fancyhdr)                You might also make \topmargin smaller to compensate:

(fancyhdr)                \addtolength{\topmargin}{-2.49998pt}.

[79]

Package fancyhdr Warning: \headheight is too small (12.0pt): 
(fancyhdr)                Make it at least 14.49998pt, for example:
(fancyhdr)                \setlength{\headheight}{14.49998pt}.
(fancyhdr)                You might also make \topmargin smaller to compensate:

(fancyhdr)                \addtolength{\topmargin}{-2.49998pt}.

[80]
Underfull \hbox (badness 10000) detected at line 87
[][][]
 []


Underfull \hbox (badness 10000) detected at line 107
[][][]
 []


Package fancyhdr Warning: \headheight is too small (12.0pt): 
(fancyhdr)                Make it at least 14.49998pt, for example:
(fancyhdr)                \setlength{\headheight}{14.49998pt}.
(fancyhdr)                You might also make \topmargin smaller to compensate:

(fancyhdr)                \addtolength{\topmargin}{-2.49998pt}.

[81]) (./datastream_8c.tex
Underfull \hbox (badness 10000) in paragraph at lines 8--18

 []


Package fancyhdr Warning: \headheight is too small (12.0pt): 
(fancyhdr)                Make it at least 14.49998pt, for example:
(fancyhdr)                \setlength{\headheight}{14.49998pt}.
(fancyhdr)                You might also make \topmargin smaller to compensate:

(fancyhdr)                \addtolength{\topmargin}{-2.49998pt}.

[82]
Underfull \hbox (badness 10000) detected at line 41
[][][]
 []


Package fancyhdr Warning: \headheight is too small (12.0pt): 
(fancyhdr)                Make it at least 14.49998pt, for example:
(fancyhdr)                \setlength{\headheight}{14.49998pt}.
(fancyhdr)                You might also make \topmargin smaller to compensate:

(fancyhdr)                \addtolength{\topmargin}{-2.49998pt}.

[83]
Underfull \hbox (badness 10000) detected at line 62
[][][]
 []


Underfull \hbox (badness 10000) detected at line 84
[][][]
 []


Package fancyhdr Warning: \headheight is too small (12.0pt): 
(fancyhdr)                Make it at least 14.49998pt, for example:
(fancyhdr)                \setlength{\headheight}{14.49998pt}.
(fancyhdr)                You might also make \topmargin smaller to compensate:

(fancyhdr)                \addtolength{\topmargin}{-2.49998pt}.

[84]
Underfull \hbox (badness 10000) detected at line 104
[][][]
 []


Underfull \hbox (badness 10000) detected at line 126
[][][]
 []


Package fancyhdr Warning: \headheight is too small (12.0pt): 
(fancyhdr)                Make it at least 14.49998pt, for example:
(fancyhdr)                \setlength{\headheight}{14.49998pt}.
(fancyhdr)                You might also make \topmargin smaller to compensate:

(fancyhdr)                \addtolength{\topmargin}{-2.49998pt}.

[85]
Underfull \hbox (badness 10000) detected at line 148
[][][]
 []

) (./evaluation_8c.tex
Underfull \hbox (badness 10000) in paragraph at lines 8--12

 []


Overfull \hbox (67.47144pt too wide) in paragraph at lines 15--16
[]\T1/phv/m/n/12 double [] (const [] $\LMS/ntxsy/m/n/12 ^^C$\T1/phv/m/n/12 syst
em, const []
 []


Underfull \hbox (badness 10000) detected at line 24
[][][]
 []


Package fancyhdr Warning: \headheight is too small (12.0pt): 
(fancyhdr)                Make it at least 14.49998pt, for example:
(fancyhdr)                \setlength{\headheight}{14.49998pt}.
(fancyhdr)                You might also make \topmargin smaller to compensate:

(fancyhdr)                \addtolength{\topmargin}{-2.49998pt}.

[86]
Underfull \hbox (badness 10000) detected at line 47
[][][]
 []

) (./integration_8c.tex
Underfull \hbox (badness 10000) in paragraph at lines 8--12

 []


Package fancyhdr Warning: \headheight is too small (12.0pt): 
(fancyhdr)                Make it at least 14.49998pt, for example:
(fancyhdr)                \setlength{\headheight}{14.49998pt}.
(fancyhdr)                You might also make \topmargin smaller to compensate:

(fancyhdr)                \addtolength{\topmargin}{-2.49998pt}.

[87]
Underfull \hbox (badness 10000) detected at line 41
[][][]
 []


Underfull \hbox (badness 10000) detected at line 66
[][][]
 []


Package fancyhdr Warning: \headheight is too small (12.0pt): 
(fancyhdr)                Make it at least 14.49998pt, for example:
(fancyhdr)                \setlength{\headheight}{14.49998pt}.
(fancyhdr)                You might also make \topmargin smaller to compensate:

(fancyhdr)                \addtolength{\topmargin}{-2.49998pt}.

[88]
Underfull \hbox (badness 10000) detected at line 88
[][][]
 []


Underfull \hbox (badness 10000) detected at line 110
[][][]
 []


Package fancyhdr Warning: \headheight is too small (12.0pt): 
(fancyhdr)                Make it at least 14.49998pt, for example:
(fancyhdr)                \setlength{\headheight}{14.49998pt}.
(fancyhdr)                You might also make \topmargin smaller to compensate:

(fancyhdr)                \addtolength{\topmargin}{-2.49998pt}.

[89]
Underfull \hbox (badness 10000) detected at line 132
[][][]
 []


Underfull \hbox (badness 10000) detected at line 154
[][][]
 []


Package fancyhdr Warning: \headheight is too small (12.0pt): 
(fancyhdr)                Make it at least 14.49998pt, for example:
(fancyhdr)                \setlength{\headheight}{14.49998pt}.
(fancyhdr)                You might also make \topmargin smaller to compensate:

(fancyhdr)                \addtolength{\topmargin}{-2.49998pt}.

[90]
Underfull \hbox (badness 10000) detected at line 176
[][][]
 []


Underfull \hbox (badness 10000) detected at line 198
[][][]
 []


Package fancyhdr Warning: \headheight is too small (12.0pt): 
(fancyhdr)                Make it at least 14.49998pt, for example:
(fancyhdr)                \setlength{\headheight}{14.49998pt}.
(fancyhdr)                You might also make \topmargin smaller to compensate:

(fancyhdr)                \addtolength{\topmargin}{-2.49998pt}.

[91]) (./simulation_8c.tex
Underfull \hbox (badness 10000) in paragraph at lines 8--19

 []


Overfull \hbox (44.31659pt too wide) in paragraph at lines 22--23
[][] [] \T1/phv/m/n/12 (const [] $\LMS/ntxsy/m/n/12 ^^C$\T1/phv/m/n/12 initial[
]_[]state, const []
 []


Package fancyhdr Warning: \headheight is too small (12.0pt): 
(fancyhdr)                Make it at least 14.49998pt, for example:
(fancyhdr)                \setlength{\headheight}{14.49998pt}.
(fancyhdr)                You might also make \topmargin smaller to compensate:

(fancyhdr)                \addtolength{\topmargin}{-2.49998pt}.

[92]
Underfull \hbox (badness 10000) detected at line 31
[][][]
 []


Package fancyhdr Warning: \headheight is too small (12.0pt): 
(fancyhdr)                Make it at least 14.49998pt, for example:
(fancyhdr)                \setlength{\headheight}{14.49998pt}.
(fancyhdr)                You might also make \topmargin smaller to compensate:

(fancyhdr)                \addtolength{\topmargin}{-2.49998pt}.

[93]
Underfull \hbox (badness 10000) detected at line 68
[][][]
 []

) (./system_8c.tex
Underfull \hbox (badness 10000) in paragraph at lines 8--13

 []


Underfull \hbox (badness 1454) in paragraph at lines 16--17
[][] $\LMS/ntxsy/m/n/12 ^^C$ [] \T1/phv/m/n/12 (const [] dist[]_[]opts, const
 []


Package fancyhdr Warning: \headheight is too small (12.0pt): 
(fancyhdr)                Make it at least 14.49998pt, for example:
(fancyhdr)                \setlength{\headheight}{14.49998pt}.
(fancyhdr)                You might also make \topmargin smaller to compensate:

(fancyhdr)                \addtolength{\topmargin}{-2.49998pt}.

[94]
Underfull \hbox (badness 10000) detected at line 68
[][][]
 []


Package fancyhdr Warning: \headheight is too small (12.0pt): 
(fancyhdr)                Make it at least 14.49998pt, for example:
(fancyhdr)                \setlength{\headheight}{14.49998pt}.
(fancyhdr)                You might also make \topmargin smaller to compensate:

(fancyhdr)                \addtolength{\topmargin}{-2.49998pt}.

[95]
Underfull \hbox (badness 10000) detected at line 93
[][][]
 []


Package fancyhdr Warning: \headheight is too small (12.0pt): 
(fancyhdr)                Make it at least 14.49998pt, for example:
(fancyhdr)                \setlength{\headheight}{14.49998pt}.
(fancyhdr)                You might also make \topmargin smaller to compensate:

(fancyhdr)                \addtolength{\topmargin}{-2.49998pt}.

[96]

Package fancyhdr Warning: \headheight is too small (12.0pt): 
(fancyhdr)                Make it at least 14.49998pt, for example:
(fancyhdr)                \setlength{\headheight}{14.49998pt}.
(fancyhdr)                You might also make \topmargin smaller to compensate:

(fancyhdr)                \addtolength{\topmargin}{-2.49998pt}.

[97]
Underfull \hbox (badness 10000) detected at line 179
[][][]
 []


Underfull \hbox (badness 10000) detected at line 199
[][][]
 []


Package fancyhdr Warning: \headheight is too small (12.0pt): 
(fancyhdr)                Make it at least 14.49998pt, for example:
(fancyhdr)                \setlength{\headheight}{14.49998pt}.
(fancyhdr)                You might also make \topmargin smaller to compensate:

(fancyhdr)                \addtolength{\topmargin}{-2.49998pt}.

[98]
Underfull \hbox (badness 10000) detected at line 219
[][][]
 []


Underfull \hbox (badness 10000) detected at line 237
[][][]
 []


Package fancyhdr Warning: \headheight is too small (12.0pt): 
(fancyhdr)                Make it at least 14.49998pt, for example:
(fancyhdr)                \setlength{\headheight}{14.49998pt}.
(fancyhdr)                You might also make \topmargin smaller to compensate:

(fancyhdr)                \addtolength{\topmargin}{-2.49998pt}.

[99]
Underfull \hbox (badness 10000) detected at line 272
[][][]
 []


Underfull \hbox (badness 10000) detected at line 296
[][][]
 []


Package fancyhdr Warning: \headheight is too small (12.0pt): 
(fancyhdr)                Make it at least 14.49998pt, for example:
(fancyhdr)                \setlength{\headheight}{14.49998pt}.
(fancyhdr)                You might also make \topmargin smaller to compensate:

(fancyhdr)                \addtolength{\topmargin}{-2.49998pt}.

[100]
Underfull \hbox (badness 10000) detected at line 329
[][][]
 []


Package fancyhdr Warning: \headheight is too small (12.0pt): 
(fancyhdr)                Make it at least 14.49998pt, for example:
(fancyhdr)                \setlength{\headheight}{14.49998pt}.
(fancyhdr)                You might also make \topmargin smaller to compensate:

(fancyhdr)                \addtolength{\topmargin}{-2.49998pt}.

[101]
Underfull \hbox (badness 10000) detected at line 354
[][][]
 []


Overfull \vbox (22.39384pt too high) has occurred while \output is active []



Package fancyhdr Warning: \headheight is too small (12.0pt): 
(fancyhdr)                Make it at least 14.49998pt, for example:
(fancyhdr)                \setlength{\headheight}{14.49998pt}.
(fancyhdr)                You might also make \topmargin smaller to compensate:

(fancyhdr)                \addtolength{\topmargin}{-2.49998pt}.

[102]) (./main_8c.tex

Package fancyhdr Warning: \headheight is too small (12.0pt): 
(fancyhdr)                Make it at least 14.49998pt, for example:
(fancyhdr)                \setlength{\headheight}{14.49998pt}.
(fancyhdr)                You might also make \topmargin smaller to compensate:

(fancyhdr)                \addtolength{\topmargin}{-2.49998pt}.

[103]
Underfull \hbox (badness 10000) in paragraph at lines 8--12

 []


Underfull \hbox (badness 10000) detected at line 23
[][][]
 []

) (./test__datastream_8c.tex
Underfull \hbox (badness 10000) in paragraph at lines 8--12

 []


Package fancyhdr Warning: \headheight is too small (12.0pt): 
(fancyhdr)                Make it at least 14.49998pt, for example:
(fancyhdr)                \setlength{\headheight}{14.49998pt}.
(fancyhdr)                You might also make \topmargin smaller to compensate:

(fancyhdr)                \addtolength{\topmargin}{-2.49998pt}.

[104]
Underfull \hbox (badness 10000) detected at line 37
[][][]
 []

) (./test__derivative_8c.tex
Underfull \hbox (badness 10000) in paragraph at lines 8--12

 []


Package fancyhdr Warning: \headheight is too small (12.0pt): 
(fancyhdr)                Make it at least 14.49998pt, for example:
(fancyhdr)                \setlength{\headheight}{14.49998pt}.
(fancyhdr)                You might also make \topmargin smaller to compensate:

(fancyhdr)                \addtolength{\topmargin}{-2.49998pt}.

[105]
Underfull \hbox (badness 10000) detected at line 35
[][][]
 []

) (./test__integration_8c.tex
Underfull \hbox (badness 10000) in paragraph at lines 8--11

 []


Underfull \hbox (badness 10000) detected at line 28
[][][]
 []

) (./test__octree_8c.tex
Underfull \hbox (badness 10000) in paragraph at lines 8--11

 []


Package fancyhdr Warning: \headheight is too small (12.0pt): 
(fancyhdr)                Make it at least 14.49998pt, for example:
(fancyhdr)                \setlength{\headheight}{14.49998pt}.
(fancyhdr)                You might also make \topmargin smaller to compensate:

(fancyhdr)                \addtolength{\topmargin}{-2.49998pt}.

[106]
Underfull \hbox (badness 10000) detected at line 25
[][][]
 []

) (./test__simulation_8c.tex
Underfull \hbox (badness 10000) in paragraph at lines 8--11

 []


Underfull \hbox (badness 10000) detected at line 28
[][][]
 []

) (./test__system_8c.tex

Package fancyhdr Warning: \headheight is too small (12.0pt): 
(fancyhdr)                Make it at least 14.49998pt, for example:
(fancyhdr)                \setlength{\headheight}{14.49998pt}.
(fancyhdr)                You might also make \topmargin smaller to compensate:

(fancyhdr)                \addtolength{\topmargin}{-2.49998pt}.

[107]
Underfull \hbox (badness 10000) in paragraph at lines 8--11

 []


Underfull \hbox (badness 10000) detected at line 25
[][][]
 []

)

Package fancyhdr Warning: \headheight is too small (12.0pt): 
(fancyhdr)                Make it at least 14.49998pt, for example:
(fancyhdr)                \setlength{\headheight}{14.49998pt}.
(fancyhdr)                You might also make \topmargin smaller to compensate:

(fancyhdr)                \addtolength{\topmargin}{-2.49998pt}.

[108] (./refman.ind
Overfull \hbox (91.76955pt too wide) in paragraph at lines 11--13
[]| \T1/phv/m/n/12 pro-cess-ing-mod-ules.AnimationGenerator.AnimationGenerator,

 []


Overfull \hbox (124.16933pt too wide) in paragraph at lines 13--15
[]| \T1/phv/m/n/12 pro-cess-ing-mod-ules.CrossSectionGenerator.CrossSectionGene
rator,
 []


Overfull \hbox (163.78282pt too wide) in paragraph at lines 15--17
[]| \T1/phv/m/n/12 pro-cess-ing-mod-ules.DensityAnimationGenerator.DensityAnima
tionGenerator,
 []


Overfull \hbox (135.72523pt too wide) in paragraph at lines 17--19
[]| \T1/phv/m/n/12 pro-cess-ing-mod-ules.MeanRadialDistancePlot.MeanRadialDista
ncePlot,
 []


Overfull \hbox (76.74782pt too wide) in paragraph at lines 19--21
[]| \T1/phv/m/n/12 pro-cess-ing-mod-ules.ProcessingModule.ProcessingModule,
 []


Overfull \hbox (86.99605pt too wide) in paragraph at lines 21--23
[]| \T1/phv/m/n/12 pro-cess-ing-mod-ules.SnapshotGenerator.SnapshotGenerator,
 []


Overfull \hbox (30.31892pt too wide) in paragraph at lines 23--25
[]| \T1/phv/m/n/12 pro-cess-ing-mod-ules.TrajectoryPlot.TrajectoryPlot,
 []


Overfull \hbox (91.76955pt too wide) in paragraph at lines 45--47
[]| \T1/phv/m/n/12 pro-cess-ing-mod-ules.AnimationGenerator.AnimationGenerator,

 []


Overfull \hbox (124.16933pt too wide) in paragraph at lines 47--49
[]| \T1/phv/m/n/12 pro-cess-ing-mod-ules.CrossSectionGenerator.CrossSectionGene
rator,
 []


Overfull \hbox (163.78282pt too wide) in paragraph at lines 49--51
[]| \T1/phv/m/n/12 pro-cess-ing-mod-ules.DensityAnimationGenerator.DensityAnima
tionGenerator,
 []


Overfull \hbox (135.72523pt too wide) in paragraph at lines 51--53
[]| \T1/phv/m/n/12 pro-cess-ing-mod-ules.MeanRadialDistancePlot.MeanRadialDista
ncePlot,
 []


Overfull \hbox (76.74782pt too wide) in paragraph at lines 53--55
[]| \T1/phv/m/n/12 pro-cess-ing-mod-ules.ProcessingModule.ProcessingModule,
 []


Overfull \hbox (86.99605pt too wide) in paragraph at lines 55--57
[]| \T1/phv/m/n/12 pro-cess-ing-mod-ules.SnapshotGenerator.SnapshotGenerator,
 []


Overfull \hbox (30.31892pt too wide) in paragraph at lines 57--59
[]| \T1/phv/m/n/12 pro-cess-ing-mod-ules.TrajectoryPlot.TrajectoryPlot,
 []

[109


]
Overfull \hbox (91.76955pt too wide) in paragraph at lines 131--133
[]| \T1/phv/m/n/12 pro-cess-ing-mod-ules.AnimationGenerator.AnimationGenerator,

 []


Overfull \hbox (124.16933pt too wide) in paragraph at lines 133--135
[]| \T1/phv/m/n/12 pro-cess-ing-mod-ules.CrossSectionGenerator.CrossSectionGene
rator,
 []


Overfull \hbox (163.78282pt too wide) in paragraph at lines 135--137
[]| \T1/phv/m/n/12 pro-cess-ing-mod-ules.DensityAnimationGenerator.DensityAnima
tionGenerator,
 []


Overfull \hbox (135.72523pt too wide) in paragraph at lines 137--139
[]| \T1/phv/m/n/12 pro-cess-ing-mod-ules.MeanRadialDistancePlot.MeanRadialDista
ncePlot,
 []


Overfull \hbox (76.74782pt too wide) in paragraph at lines 139--141
[]| \T1/phv/m/n/12 pro-cess-ing-mod-ules.ProcessingModule.ProcessingModule,
 []


Overfull \hbox (86.99605pt too wide) in paragraph at lines 141--143
[]| \T1/phv/m/n/12 pro-cess-ing-mod-ules.SnapshotGenerator.SnapshotGenerator,
 []


Overfull \hbox (30.31892pt too wide) in paragraph at lines 143--145
[]| \T1/phv/m/n/12 pro-cess-ing-mod-ules.TrajectoryPlot.TrajectoryPlot,
 []


Package fancyhdr Warning: \headheight is too small (12.0pt): 
(fancyhdr)                Make it at least 14.49998pt, for example:
(fancyhdr)                \setlength{\headheight}{14.49998pt}.
(fancyhdr)                You might also make \topmargin smaller to compensate:

(fancyhdr)                \addtolength{\topmargin}{-2.49998pt}.

[110]
Overfull \hbox (71.76955pt too wide) in paragraph at lines 302--304
[]\T1/phv/m/n/12 processingmodules.AnimationGenerator.AnimationGenerator,
 []


Overfull \hbox (104.16933pt too wide) in paragraph at lines 307--309
[]\T1/phv/m/n/12 processingmodules.CrossSectionGenerator.CrossSectionGenerator,

 []


Overfull \hbox (143.78282pt too wide) in paragraph at lines 312--314
[]\T1/phv/m/n/12 processingmodules.DensityAnimationGenerator.DensityAnimationGe
nerator,
 []


Overfull \hbox (115.72523pt too wide) in paragraph at lines 317--319
[]\T1/phv/m/n/12 processingmodules.MeanRadialDistancePlot.MeanRadialDistancePlo
t,
 []


Package fancyhdr Warning: \headheight is too small (12.0pt): 
(fancyhdr)                Make it at least 14.49998pt, for example:
(fancyhdr)                \setlength{\headheight}{14.49998pt}.
(fancyhdr)                You might also make \topmargin smaller to compensate:

(fancyhdr)                \addtolength{\topmargin}{-2.49998pt}.

[111]
Overfull \hbox (56.74782pt too wide) in paragraph at lines 322--324
[]\T1/phv/m/n/12 processingmodules.ProcessingModule.ProcessingModule,
 []


Overfull \hbox (66.99605pt too wide) in paragraph at lines 327--329
[]\T1/phv/m/n/12 processingmodules.SnapshotGenerator.SnapshotGenerator,
 []


Package fancyhdr Warning: \headheight is too small (12.0pt): 
(fancyhdr)                Make it at least 14.49998pt, for example:
(fancyhdr)                \setlength{\headheight}{14.49998pt}.
(fancyhdr)                You might also make \topmargin smaller to compensate:

(fancyhdr)                \addtolength{\topmargin}{-2.49998pt}.

[112]

Package fancyhdr Warning: \headheight is too small (12.0pt): 
(fancyhdr)                Make it at least 14.49998pt, for example:
(fancyhdr)                \setlength{\headheight}{14.49998pt}.
(fancyhdr)                You might also make \topmargin smaller to compensate:

(fancyhdr)                \addtolength{\topmargin}{-2.49998pt}.

[113

]) (./refman.aux)
 ***********
LaTeX2e <2023-11-01> patch level 1
L3 programming layer <2020/03/25>
 ***********


LaTeX Font Warning: Size substitutions with differences
(Font)              up to 0.5pt have occurred.

Package rerunfilecheck Info: File `refman.out' has not changed.
(rerunfilecheck)             Checksum: C5252809DAC3E79CF6B4EB860ECFFA74;39603.
 ) 
Here is how much of TeX's memory you used:
 23714 strings out of 476182
 410064 string characters out of 5795596
 1957975 words of memory out of 5000000
 44121 multiletter control sequences out of 15000+600000
 650032 words of font info for 190 fonts, out of 8000000 for 9000
 14 hyphenation exceptions out of 8191
 101i,16n,117p,1287b,773s stack positions out of 10000i,1000n,20000p,200000b,200000s
</usr/share/texlive/texmf-dist/fonts/type1/public/newtx/NewTXMI.pfb></usr/sha
re/texlive/texmf-dist/fonts/type1/public/newtx/NewTXMI7.pfb></usr/share/texlive
/texmf-dist/fonts/type1/public/newtx/txexs.pfb></usr/share/texlive/texmf-dist/f
onts/type1/public/newtx/txmiaX.pfb></usr/share/texlive/texmf-dist/fonts/type1/p
ublic/newtx/txsys.pfb></usr/share/texlive/texmf-dist/fonts/type1/urw/courier/uc
rr8a.pfb></usr/share/texlive/texmf-dist/fonts/type1/urw/courier/ucrro8a.pfb></u
sr/share/texlive/texmf-dist/fonts/type1/urw/helvetic/uhvb8a.pfb></usr/share/tex
live/texmf-dist/fonts/type1/urw/helvetic/uhvb8ac.pfb></usr/share/texlive/texmf-
dist/fonts/type1/urw/helvetic/uhvr8a.pfb></usr/share/texlive/texmf-dist/fonts/t
ype1/urw/helvetic/uhvro8a.pfb></usr/share/texlive/texmf-dist/fonts/type1/public
/newtx/ztmb.pfb></usr/share/texlive/texmf-dist/fonts/type1/public/newtx/ztmr.pf
b>
Output written on refman.pdf (118 pages, 405151 bytes).
PDF statistics:
 3427 PDF objects out of 3580 (max. 8388607)
 3248 compressed objects within 33 object streams
 1032 named destinations out of 1200 (max. 500000)
 1321 words of extra memory for PDF output out of 10000 (max. 10000000)

